英文称谓,名,中间名,姓,中文称谓,单位,部门,职务,商务地址 街道,商务地址 街道 2,商务地址 街道 3,商务地址 市/县,商务地址 省/市/自治区,商务地址 邮政编码,商务地址 国家/地区,住宅地址 街道,住宅地址 街道 2,住宅地址 街道 3,住宅地址 市/县,住宅地址 省/市/自治区,住宅地址 邮政编码,住宅地址 国家/地区,其他地址 街道,其他地址 街道 2,其他地址 街道 3,其他地址 市/县,其他地址 省/市/自治区,其他地址 邮政编码,其他地址 国家/地区,助理的电话,商务传真,商务电话,商务电话 2,回电话,车载电话,单位主要电话,住宅传真,住宅电话,住宅电话 2,ISDN,移动电话,其他传真,其他电话,寻呼机,主要电话,无绳电话,TTY/TDD 电话,电报,Internet 忙闲,办公地点,地点,电子邮件地址,电子邮件类型,电子邮件显示名称,电子邮件 2 地址,电子邮件 2 类型,电子邮件 2 显示名,电子邮件 3 地址,电子邮件 3 类型,电子邮件 3 显示名,附注,工作证号码,关键词,记帐信息,纪念日,经理姓名,类别,里程,敏感度,目录服务器,配偶,其他地址 - 邮箱,商务地址 - 邮箱,身份证编号,生日,私有,缩写,网页,性别,业余爱好,引用者,用户 1,用户 2,用户 3,用户 4,优先级,语言,帐户,职业,助理的姓名,住宅地址 - 邮箱,子女
,,,,天逸画廊,,,,,,,,,,,,,,,,,,,,,,,,,,,,,,,,,,,,13906406066,,,,,,,,,,,,,,,,,,,,,,,,,,,,,,,,,,,,,,,,,,,,,,,,,,,
,,,,旷远斋画廊,,,,,,,,,,,,,,,,,,,,,,,,,,,,,,,,,,,,13905363689,,,,,,,,,,,,,,,,,,,,,,,,,,,,,,,,,,,,,,,,,,,,,,,,,,,
,,,,博爱中国美术馆,,,,,,,,,,,,,,,,,,,,,,,,,,,,,,,,,,,,13911899991,,,,,,,,,,,,,,,,,,,,,,,,,,,,,,,,,,,,,,,,,,,,,,,,,,,
,,,,招远美术馆,,,,,,,,,,,,,,,,,,,,,,,,,,,,,,,,,,,,15065732333,,,,,,,,,,,,,,,,,,,,,,,,,,,,,,,,,,,,,,,,,,,,,,,,,,,
,,,,至臻艺术空间,,,,,,,,,,,,,,,,,,,,,,,,,,,,,,,,,,,,15665700602,,,,,,,,,,,,,,,,,,,,,,,,,,,,,,,,,,,,,,,,,,,,,,,,,,,
,,,,恒艺美术馆,,,,,,,,,,,,,,,,,,,,,,,,,,,,,,,,,,,,18806358788,,,,,,,,,,,,,,,,,,,,,,,,,,,,,,,,,,,,,,,,,,,,,,,,,,,
,,,,饮冰室画廊,,,,,,,,,,,,,,,,,,,,,,,,,,,,,,,,,,,,13306460860,,,,,,,,,,,,,,,,,,,,,,,,,,,,,,,,,,,,,,,,,,,,,,,,,,,
,,,,金石美术馆,,,,,,,,,,,,,,,,,,,,,,,,,,,,,,,,,,,,18669780999 ,,,,,,,,,,,,,,,,,,,,,,,,,,,,,,,,,,,,,,,,,,,,,,,,,,,
,,,,怡悦斋,,,,,,,,,,,,,,,,,,,,,,,,,,,,,,,,,,,,13964731608,,,,,,,,,,,,,,,,,,,,,,,,,,,,,,,,,,,,,,,,,,,,,,,,,,,
,,,,长勺画廊,,,,,,,,,,,,,,,,,,,,,,,,,,,,,,,,,,,,13616347788,,,,,,,,,,,,,,,,,,,,,,,,,,,,,,,,,,,,,,,,,,,,,,,,,,,
,,,,远宏艺术空间,,,,,,,,,,,,,,,,,,,,,,,,,,,,,,,,,,,,15169078916,,,,,,,,,,,,,,,,,,,,,,,,,,,,,,,,,,,,,,,,,,,,,,,,,,,
,,,,天大美术馆,,,,,,,,,,,,,,,,,,,,,,,,,,,,,,,,,,,,15606337978,,,,,,,,,,,,,,,,,,,,,,,,,,,,,,,,,,,,,,,,,,,,,,,,,,,
,,,,明德美术馆,,,,,,,,,,,,,,,,,,,,,,,,,,,,,,,,,,,,13905390511,,,,,,,,,,,,,,,,,,,,,,,,,,,,,,,,,,,,,,,,,,,,,,,,,,,
,,,,沈学仁画廊,,,,,,,,,,,,,,,,,,,,,,,,,,,,,,,,,,,,18553675811,,,,,,,,,,,,,,,,,,,,,,,,,,,,,,,,,,,,,,,,,,,,,,,,,,,
,,,,齐鲁美术馆,,,,,,,,,,,,,,,,,,,,,,,,,,,,,,,,,,,,18053359100,,,,,,,,,,,,,,,,,,,,,,,,,,,,,,,,,,,,,,,,,,,,,,,,,,,
,,,,汇泉堂美术馆,,,,,,,,,,,,,,,,,,,,,,,,,,,,,,,,,,,,13805315438,,,,,,,,,,,,,,,,,,,,,,,,,,,,,,,,,,,,,,,,,,,,,,,,,,,
,,,,一二堂书画艺术中心,,,,,,,,,,,,,,,,,,,,,,,,,,,,,,,,,,,,18563637153,,,,,,,,,,,,,,,,,,,,,,,,,,,,,,,,,,,,,,,,,,,,,,,,,,,
,,,,金屏画苑,,,,,,,,,,,,,,,,,,,,,,,,,,,,,,,,,,,,18663609006,,,,,,,,,,,,,,,,,,,,,,,,,,,,,,,,,,,,,,,,,,,,,,,,,,,
,,,,潍坊翰墨轩艺术画廊,,,,,,,,,,,,,,,,,,,,,,,,,,,,,,,,,,,,13666365348,,,,,,,,,,,,,,,,,,,,,,,,,,,,,,,,,,,,,,,,,,,,,,,,,,,
,,,,山东崔杨美术馆,,,,,,,,,,,,,,,,,,,,,,,,,,,,,,,,,,,,13791336666,,,,,,,,,,,,,,,,,,,,,,,,,,,,,,,,,,,,,,,,,,,,,,,,,,,
,,,,润和美术馆,,,,,,,,,,,,,,,,,,,,,,,,,,,,,,,,,,,,13905338520,,,,,,,,,,,,,,,,,,,,,,,,,,,,,,,,,,,,,,,,,,,,,,,,,,,
,,,,缘墨美术馆,,,,,,,,,,,,,,,,,,,,,,,,,,,,,,,,,,,,15965357099,,,,,,,,,,,,,,,,,,,,,,,,,,,,,,,,,,,,,,,,,,,,,,,,,,,
,,,,白金店铺体验专用,,,,,,,,,,,,,,,,,,,,,,,,,,,,,,,,,,,,13521649901,,,,,,,,,,,,,,,,,,,,,,,,,,,,,,,,,,,,,,,,,,,,,,,,,,,
,,,,山东盛世美术馆,,,,,,,,,,,,,,,,,,,,,,,,,,,,,,,,,,,,13325108688,,,,,,,,,,,,,,,,,,,,,,,,,,,,,,,,,,,,,,,,,,,,,,,,,,,
,,,,滨州市嘉合骏恒文化艺术,,,,,,,,,,,,,,,,,,,,,,,,,,,,,,,,,,,,15376496855,,,,,,,,,,,,,,,,,,,,,,,,,,,,,,,,,,,,,,,,,,,,,,,,,,,
,,,,黄河美术馆,,,,,,,,,,,,,,,,,,,,,,,,,,,,,,,,,,,,18561245222,,,,,,,,,,,,,,,,,,,,,,,,,,,,,,,,,,,,,,,,,,,,,,,,,,,
,,,,山东鸿润文化馆,,,,,,,,,,,,,,,,,,,,,,,,,,,,,,,,,,,,18253365002,,,,,,,,,,,,,,,,,,,,,,,,,,,,,,,,,,,,,,,,,,,,,,,,,,,
,,,,双泰六合美术馆,,,,,,,,,,,,,,,,,,,,,,,,,,,,,,,,,,,,18663373333,,,,,,,,,,,,,,,,,,,,,,,,,,,,,,,,,,,,,,,,,,,,,,,,,,,
,,,,艺泉堂画廊,,,,,,,,,,,,,,,,,,,,,,,,,,,,,,,,,,,,13869619656,,,,,,,,,,,,,,,,,,,,,,,,,,,,,,,,,,,,,,,,,,,,,,,,,,,
,,,,天绘阁,,,,,,,,,,,,,,,,,,,,,,,,,,,,,,,,,,,,18653177599,,,,,,,,,,,,,,,,,,,,,,,,,,,,,,,,,,,,,,,,,,,,,,,,,,,
,,,,臻艺斋,,,,,,,,,,,,,,,,,,,,,,,,,,,,,,,,,,,,18266467717,,,,,,,,,,,,,,,,,,,,,,,,,,,,,,,,,,,,,,,,,,,,,,,,,,,
,,,,三元居,,,,,,,,,,,,,,,,,,,,,,,,,,,,,,,,,,,,18678070323,,,,,,,,,,,,,,,,,,,,,,,,,,,,,,,,,,,,,,,,,,,,,,,,,,,
,,,,德州大千画苑,,,,,,,,,,,,,,,,,,,,,,,,,,,,,,,,,,,,13869299818,,,,,,,,,,,,,,,,,,,,,,,,,,,,,,,,,,,,,,,,,,,,,,,,,,,
,,,,蕴虚斋,,,,,,,,,,,,,,,,,,,,,,,,,,,,,,,,,,,,13964029080,,,,,,,,,,,,,,,,,,,,,,,,,,,,,,,,,,,,,,,,,,,,,,,,,,,
,,,,图腾画廊,,,,,,,,,,,,,,,,,,,,,,,,,,,,,,,,,,,,15092972888,,,,,,,,,,,,,,,,,,,,,,,,,,,,,,,,,,,,,,,,,,,,,,,,,,,
,,,,嘉木美术馆,,,,,,,,,,,,,,,,,,,,,,,,,,,,,,,,,,,,+0086 15806530903,,,,,,,,,,,,,,,,,,,,,,,,,,,,,,,,,,,,,,,,,,,,,,,,,,,
,,,,青泰书院,,,,,,,,,,,,,,,,,,,,,,,,,,,,,,,,,,,,18901421112,,,,,,,,,,,,,,,,,,,,,,,,,,,,,,,,,,,,,,,,,,,,,,,,,,,
,,,,林泉画馆,,,,,,,,,,,,,,,,,,,,,,,,,,,,,,,,,,,,13325122076,,,,,,,,,,,,,,,,,,,,,,,,,,,,,,,,,,,,,,,,,,,,,,,,,,,
,,,,山东雅集,,,,,,,,,,,,,,,,,,,,,,,,,,,,,,,,,,,,15562788998,,,,,,,,,,,,,,,,,,,,,,,,,,,,,,,,,,,,,,,,,,,,,,,,,,,
,,,,紫卢轩,,,,,,,,,,,,,,,,,,,,,,,,,,,,,,,,,,,,18653313888,,,,,,,,,,,,,,,,,,,,,,,,,,,,,,,,,,,,,,,,,,,,,,,,,,,
,,,,九视艺术书画院,,,,,,,,,,,,,,,,,,,,,,,,,,,,,,,,,,,,13791725842 ,,,,,,,,,,,,,,,,,,,,,,,,,,,,,,,,,,,,,,,,,,,,,,,,,,,
,,,,观美艺术馆,,,,,,,,,,,,,,,,,,,,,,,,,,,,,,,,,,,,18853353190,,,,,,,,,,,,,,,,,,,,,,,,,,,,,,,,,,,,,,,,,,,,,,,,,,,
,,,,逸云画廊,,,,,,,,,,,,,,,,,,,,,,,,,,,,,,,,,,,,15606312822,,,,,,,,,,,,,,,,,,,,,,,,,,,,,,,,,,,,,,,,,,,,,,,,,,,
,,,,言传文承美术馆,,,,,,,,,,,,,,,,,,,,,,,,,,,,,,,,,,,,18253111888,,,,,,,,,,,,,,,,,,,,,,,,,,,,,,,,,,,,,,,,,,,,,,,,,,,
,,,,聚翠苑,,,,,,,,,,,,,,,,,,,,,,,,,,,,,,,,,,,,18366318899,,,,,,,,,,,,,,,,,,,,,,,,,,,,,,,,,,,,,,,,,,,,,,,,,,,
,,,,佳诺美术馆,,,,,,,,,,,,,,,,,,,,,,,,,,,,,,,,,,,,18553281597,,,,,,,,,,,,,,,,,,,,,,,,,,,,,,,,,,,,,,,,,,,,,,,,,,,
,,,,半古堂,,,,,,,,,,,,,,,,,,,,,,,,,,,,,,,,,,,,13805312390,,,,,,,,,,,,,,,,,,,,,,,,,,,,,,,,,,,,,,,,,,,,,,,,,,,
,,,,秦▪美术馆,,,,,,,,,,,,,,,,,,,,,,,,,,,,,,,,,,,,18660526789,,,,,,,,,,,,,,,,,,,,,,,,,,,,,,,,,,,,,,,,,,,,,,,,,,,
,,,,书与画艺术中心,,,,,,,,,,,,,,,,,,,,,,,,,,,,,,,,,,,,18953697118,,,,,,,,,,,,,,,,,,,,,,,,,,,,,,,,,,,,,,,,,,,,,,,,,,,
,,,,勿忘在莒书画院,,,,,,,,,,,,,,,,,,,,,,,,,,,,,,,,,,,,18263399779,,,,,,,,,,,,,,,,,,,,,,,,,,,,,,,,,,,,,,,,,,,,,,,,,,,
,,,,方圆艺术空间,,,,,,,,,,,,,,,,,,,,,,,,,,,,,,,,,,,,13605407727,,,,,,,,,,,,,,,,,,,,,,,,,,,,,,,,,,,,,,,,,,,,,,,,,,,
,,,,鸿儒阁,,,,,,,,,,,,,,,,,,,,,,,,,,,,,,,,,,,,13355218657,,,,,,,,,,,,,,,,,,,,,,,,,,,,,,,,,,,,,,,,,,,,,,,,,,,
,,,,敬泉斋画廊,,,,,,,,,,,,,,,,,,,,,,,,,,,,,,,,,,,,13685362106,,,,,,,,,,,,,,,,,,,,,,,,,,,,,,,,,,,,,,,,,,,,,,,,,,,
,,,,古州小画苑,,,,,,,,,,,,,,,,,,,,,,,,,,,,,,,,,,,,13806365058,,,,,,,,,,,,,,,,,,,,,,,,,,,,,,,,,,,,,,,,,,,,,,,,,,,
,,,,明心斋,,,,,,,,,,,,,,,,,,,,,,,,,,,,,,,,,,,,13963615566,,,,,,,,,,,,,,,,,,,,,,,,,,,,,,,,,,,,,,,,,,,,,,,,,,,
,,,,於陵画院,,,,,,,,,,,,,,,,,,,,,,,,,,,,,,,,,,,,13884607000,,,,,,,,,,,,,,,,,,,,,,,,,,,,,,,,,,,,,,,,,,,,,,,,,,,
,,,,十笏园,,,,,,,,,,,,,,,,,,,,,,,,,,,,,,,,,,,,15953665899,,,,,,,,,,,,,,,,,,,,,,,,,,,,,,,,,,,,,,,,,,,,,,,,,,,
,,,,青州当代美术馆,,,,,,,,,,,,,,,,,,,,,,,,,,,,,,,,,,,,13806365321,,,,,,,,,,,,,,,,,,,,,,,,,,,,,,,,,,,,,,,,,,,,,,,,,,,
,,,,盛唐轩艺术馆,,,,,,,,,,,,,,,,,,,,,,,,,,,,,,,,,,,,15163670666,,,,,,,,,,,,,,,,,,,,,,,,,,,,,,,,,,,,,,,,,,,,,,,,,,,
,,,,胶东画廊,,,,,,,,,,,,,,,,,,,,,,,,,,,,,,,,,,,,15006311230,,,,,,,,,,,,,,,,,,,,,,,,,,,,,,,,,,,,,,,,,,,,,,,,,,,
,,,,珍宝堂,,,,,,,,,,,,,,,,,,,,,,,,,,,,,,,,,,,,15610532228,,,,,,,,,,,,,,,,,,,,,,,,,,,,,,,,,,,,,,,,,,,,,,,,,,,
,,,,胶东艺术会馆,,,,,,,,,,,,,,,,,,,,,,,,,,,,,,,,,,,,18561913260,,,,,,,,,,,,,,,,,,,,,,,,,,,,,,,,,,,,,,,,,,,,,,,,,,,
,,,,清逸轩,,,,,,,,,,,,,,,,,,,,,,,,,,,,,,,,,,,,15094878392,,,,,,,,,,,,,,,,,,,,,,,,,,,,,,,,,,,,,,,,,,,,,,,,,,,
,,,,摩爾艺廊,,,,,,,,,,,,,,,,,,,,,,,,,,,,,,,,,,,,15066661818,,,,,,,,,,,,,,,,,,,,,,,,,,,,,,,,,,,,,,,,,,,,,,,,,,,
,,,,集文斋,,,,,,,,,,,,,,,,,,,,,,,,,,,,,,,,,,,,13905365185,,,,,,,,,,,,,,,,,,,,,,,,,,,,,,,,,,,,,,,,,,,,,,,,,,,
,,,,墨宝艺苑,,,,,,,,,,,,,,,,,,,,,,,,,,,,,,,,,,,,18678233557,,,,,,,,,,,,,,,,,,,,,,,,,,,,,,,,,,,,,,,,,,,,,,,,,,,
,,,,启正堂,,,,,,,,,,,,,,,,,,,,,,,,,,,,,,,,,,,,15269118699,,,,,,,,,,,,,,,,,,,,,,,,,,,,,,,,,,,,,,,,,,,,,,,,,,,
,,,,水墨千秋,,,,,,,,,,,,,,,,,,,,,,,,,,,,,,,,,,,,18854822888,,,,,,,,,,,,,,,,,,,,,,,,,,,,,,,,,,,,,,,,,,,,,,,,,,,
,,,,翰易阁,,,,,,,,,,,,,,,,,,,,,,,,,,,,,,,,,,,,13853018881,,,,,,,,,,,,,,,,,,,,,,,,,,,,,,,,,,,,,,,,,,,,,,,,,,,
,,,,潍坊丽景画院,,,,,,,,,,,,,,,,,,,,,,,,,,,,,,,,,,,,18365606868,,,,,,,,,,,,,,,,,,,,,,,,,,,,,,,,,,,,,,,,,,,,,,,,,,,
,,,,滨城区飞雁书画销售中心,,,,,,,,,,,,,,,,,,,,,,,,,,,,,,,,,,,,15550622088,,,,,,,,,,,,,,,,,,,,,,,,,,,,,,,,,,,,,,,,,,,,,,,,,,,
,,,,山东甫山堂,,,,,,,,,,,,,,,,,,,,,,,,,,,,,,,,,,,,15053157288,,,,,,,,,,,,,,,,,,,,,,,,,,,,,,,,,,,,,,,,,,,,,,,,,,,
,,,,华博画廊,,,,,,,,,,,,,,,,,,,,,,,,,,,,,,,,,,,,15615939999,,,,,,,,,,,,,,,,,,,,,,,,,,,,,,,,,,,,,,,,,,,,,,,,,,,
,,,,鹍鹏画廊,,,,,,,,,,,,,,,,,,,,,,,,,,,,,,,,,,,,13880884667,,,,,,,,,,,,,,,,,,,,,,,,,,,,,,,,,,,,,,,,,,,,,,,,,,,
,,,,泉艺坊,,,,,,,,,,,,,,,,,,,,,,,,,,,,,,,,,,,,18653147160,,,,,,,,,,,,,,,,,,,,,,,,,,,,,,,,,,,,,,,,,,,,,,,,,,,
,,,,成宝斋,,,,,,,,,,,,,,,,,,,,,,,,,,,,,,,,,,,,13336222820,,,,,,,,,,,,,,,,,,,,,,,,,,,,,,,,,,,,,,,,,,,,,,,,,,,
,,,,师艺堂画廊,,,,,,,,,,,,,,,,,,,,,,,,,,,,,,,,,,,,13188839486,,,,,,,,,,,,,,,,,,,,,,,,,,,,,,,,,,,,,,,,,,,,,,,,,,,
,,,,山水书画苑 ,,,,,,,,,,,,,,,,,,,,,,,,,,,,,,,,,,,,13280622307,,,,,,,,,,,,,,,,,,,,,,,,,,,,,,,,,,,,,,,,,,,,,,,,,,,
,,,,锦泉斋,,,,,,,,,,,,,,,,,,,,,,,,,,,,,,,,,,,,13863632110,,,,,,,,,,,,,,,,,,,,,,,,,,,,,,,,,,,,,,,,,,,,,,,,,,,
,,,,艺颖苑,,,,,,,,,,,,,,,,,,,,,,,,,,,,,,,,,,,,18265686888,,,,,,,,,,,,,,,,,,,,,,,,,,,,,,,,,,,,,,,,,,,,,,,,,,,
,,,,亘古堂画廊,,,,,,,,,,,,,,,,,,,,,,,,,,,,,,,,,,,,18266239368,,,,,,,,,,,,,,,,,,,,,,,,,,,,,,,,,,,,,,,,,,,,,,,,,,,
,,,,青州市东方雅集书画社,,,,,,,,,,,,,,,,,,,,,,,,,,,,,,,,,,,,18611901879,,,,,,,,,,,,,,,,,,,,,,,,,,,,,,,,,,,,,,,,,,,,,,,,,,,
,,,,艺鼎轩,,,,,,,,,,,,,,,,,,,,,,,,,,,,,,,,,,,,18553349645,,,,,,,,,,,,,,,,,,,,,,,,,,,,,,,,,,,,,,,,,,,,,,,,,,,
,,,,春语画廊,,,,,,,,,,,,,,,,,,,,,,,,,,,,,,,,,,,,13793679077,,,,,,,,,,,,,,,,,,,,,,,,,,,,,,,,,,,,,,,,,,,,,,,,,,,
,,,,赏雅画廊,,,,,,,,,,,,,,,,,,,,,,,,,,,,,,,,,,,,13791614596,,,,,,,,,,,,,,,,,,,,,,,,,,,,,,,,,,,,,,,,,,,,,,,,,,,
,,,,松筠斎,,,,,,,,,,,,,,,,,,,,,,,,,,,,,,,,,,,,18660310333,,,,,,,,,,,,,,,,,,,,,,,,,,,,,,,,,,,,,,,,,,,,,,,,,,,
,,,,鑫雅轩,,,,,,,,,,,,,,,,,,,,,,,,,,,,,,,,,,,,13953157206,,,,,,,,,,,,,,,,,,,,,,,,,,,,,,,,,,,,,,,,,,,,,,,,,,,
,,,,赞一美术馆,,,,,,,,,,,,,,,,,,,,,,,,,,,,,,,,,,,,13853290062,,,,,,,,,,,,,,,,,,,,,,,,,,,,,,,,,,,,,,,,,,,,,,,,,,,
,,,,逸品堂,,,,,,,,,,,,,,,,,,,,,,,,,,,,,,,,,,,,18505320177,,,,,,,,,,,,,,,,,,,,,,,,,,,,,,,,,,,,,,,,,,,,,,,,,,,
,,,,宝文堂,,,,,,,,,,,,,,,,,,,,,,,,,,,,,,,,,,,,13853137356,,,,,,,,,,,,,,,,,,,,,,,,,,,,,,,,,,,,,,,,,,,,,,,,,,,
,,,,瑾艺画廊,,,,,,,,,,,,,,,,,,,,,,,,,,,,,,,,,,,,13953607880,,,,,,,,,,,,,,,,,,,,,,,,,,,,,,,,,,,,,,,,,,,,,,,,,,,
,,,,银座画廊,,,,,,,,,,,,,,,,,,,,,,,,,,,,,,,,,,,,+86 0531 86065688,,,,,,,,,,,,,,,,,,,,,,,,,,,,,,,,,,,,,,,,,,,,,,,,,,,
,,,,芝石草堂画廊,,,,,,,,,,,,,,,,,,,,,,,,,,,,,,,,,,,,18678165321,,,,,,,,,,,,,,,,,,,,,,,,,,,,,,,,,,,,,,,,,,,,,,,,,,,
,,,,竹语画舫,,,,,,,,,,,,,,,,,,,,,,,,,,,,,,,,,,,,15169091162,,,,,,,,,,,,,,,,,,,,,,,,,,,,,,,,,,,,,,,,,,,,,,,,,,,
,,,,威海半岛美术馆,,,,,,,,,,,,,,,,,,,,,,,,,,,,,,,,,,,,18663121893,,,,,,,,,,,,,,,,,,,,,,,,,,,,,,,,,,,,,,,,,,,,,,,,,,,
,,,,MUSES SPACE,,,,,,,,,,,,,,,,,,,,,,,,,,,,,,,,,,,,18254168839,,,,,,,,,,,,,,,,,,,,,,,,,,,,,,,,,,,,,,,,,,,,,,,,,,,
,,,,聚文斋书画馆,,,,,,,,,,,,,,,,,,,,,,,,,,,,,,,,,,,,18266412698,,,,,,,,,,,,,,,,,,,,,,,,,,,,,,,,,,,,,,,,,,,,,,,,,,,
,,,,集宝斋,,,,,,,,,,,,,,,,,,,,,,,,,,,,,,,,,,,,15154478822,,,,,,,,,,,,,,,,,,,,,,,,,,,,,,,,,,,,,,,,,,,,,,,,,,,
,,,,咏三书画,,,,,,,,,,,,,,,,,,,,,,,,,,,,,,,,,,,,15066121127,,,,,,,,,,,,,,,,,,,,,,,,,,,,,,,,,,,,,,,,,,,,,,,,,,,
,,,,青岛画廊,,,,,,,,,,,,,,,,,,,,,,,,,,,,,,,,,,,,15898888535,,,,,,,,,,,,,,,,,,,,,,,,,,,,,,,,,,,,,,,,,,,,,,,,,,,
,,,,盛世德艺术品,,,,,,,,,,,,,,,,,,,,,,,,,,,,,,,,,,,,18954351208,,,,,,,,,,,,,,,,,,,,,,,,,,,,,,,,,,,,,,,,,,,,,,,,,,,
,,,,弘泽轩,,,,,,,,,,,,,,,,,,,,,,,,,,,,,,,,,,,,13153103629,,,,,,,,,,,,,,,,,,,,,,,,,,,,,,,,,,,,,,,,,,,,,,,,,,,
,,,,艺苑芳华,,,,,,,,,,,,,,,,,,,,,,,,,,,,,,,,,,,,1357380333,,,,,,,,,,,,,,,,,,,,,,,,,,,,,,,,,,,,,,,,,,,,,,,,,,,
,,,,西城时光国际艺术馆,,,,,,,,,,,,,,,,,,,,,,,,,,,,,,,,,,,,13335105538,,,,,,,,,,,,,,,,,,,,,,,,,,,,,,,,,,,,,,,,,,,,,,,,,,,
,,,,墨非墨艺术机构,,,,,,,,,,,,,,,,,,,,,,,,,,,,,,,,,,,,15166390796,,,,,,,,,,,,,,,,,,,,,,,,,,,,,,,,,,,,,,,,,,,,,,,,,,,
,,,,旭峰美术馆,,,,,,,,,,,,,,,,,,,,,,,,,,,,,,,,,,,,13605325567,,,,,,,,,,,,,,,,,,,,,,,,,,,,,,,,,,,,,,,,,,,,,,,,,,,
,,,,沐珍堂,,,,,,,,,,,,,,,,,,,,,,,,,,,,,,,,,,,,053280970567 ,,,,,,,,,,,,,,,,,,,,,,,,,,,,,,,,,,,,,,,,,,,,,,,,,,,
,,,,贞明美术馆,,,,,,,,,,,,,,,,,,,,,,,,,,,,,,,,,,,,15553122193,,,,,,,,,,,,,,,,,,,,,,,,,,,,,,,,,,,,,,,,,,,,,,,,,,,
,,,,泓一画廊,,,,,,,,,,,,,,,,,,,,,,,,,,,,,,,,,,,,15628766806,,,,,,,,,,,,,,,,,,,,,,,,,,,,,,,,,,,,,,,,,,,,,,,,,,,
,,,,翰德轩,,,,,,,,,,,,,,,,,,,,,,,,,,,,,,,,,,,,18560027590,,,,,,,,,,,,,,,,,,,,,,,,,,,,,,,,,,,,,,,,,,,,,,,,,,,
,,,, 艺化庐,,,,,,,,,,,,,,,,,,,,,,,,,,,,,,,,,,,,18605335899,,,,,,,,,,,,,,,,,,,,,,,,,,,,,,,,,,,,,,,,,,,,,,,,,,,
,,,,日照连豪美术馆,,,,,,,,,,,,,,,,,,,,,,,,,,,,,,,,,,,,0633-8886969,,,,,,,,,,,,,,,,,,,,,,,,,,,,,,,,,,,,,,,,,,,,,,,,,,,
,,,,文馨画苑,,,,,,,,,,,,,,,,,,,,,,,,,,,,,,,,,,,,13561707298,,,,,,,,,,,,,,,,,,,,,,,,,,,,,,,,,,,,,,,,,,,,,,,,,,,
,,,,山东大雅堂画廊,,,,,,,,,,,,,,,,,,,,,,,,,,,,,,,,,,,,13583109180,,,,,,,,,,,,,,,,,,,,,,,,,,,,,,,,,,,,,,,,,,,,,,,,,,,
,,,,润泽书画院,,,,,,,,,,,,,,,,,,,,,,,,,,,,,,,,,,,,18366668885,,,,,,,,,,,,,,,,,,,,,,,,,,,,,,,,,,,,,,,,,,,,,,,,,,,
,,,,烟台海棠花朝鲜油画馆,,,,,,,,,,,,,,,,,,,,,,,,,,,,,,,,,,,,15154534111,,,,,,,,,,,,,,,,,,,,,,,,,,,,,,,,,,,,,,,,,,,,,,,,,,,
,,,,齐韵书画艺术馆,,,,,,,,,,,,,,,,,,,,,,,,,,,,,,,,,,,,18615339977,,,,,,,,,,,,,,,,,,,,,,,,,,,,,,,,,,,,,,,,,,,,,,,,,,,
,,,,文华堂,,,,,,,,,,,,,,,,,,,,,,,,,,,,,,,,,,,,15169017751,,,,,,,,,,,,,,,,,,,,,,,,,,,,,,,,,,,,,,,,,,,,,,,,,,,
,,,,青岛国艺美术馆,,,,,,,,,,,,,,,,,,,,,,,,,,,,,,,,,,,,+ 86 13658675157,,,,,,,,,,,,,,,,,,,,,,,,,,,,,,,,,,,,,,,,,,,,,,,,,,,
,,,,天成画廊,,,,,,,,,,,,,,,,,,,,,,,,,,,,,,,,,,,,18366228227,,,,,,,,,,,,,,,,,,,,,,,,,,,,,,,,,,,,,,,,,,,,,,,,,,,
,,,,弘苑画廊,,,,,,,,,,,,,,,,,,,,,,,,,,,,,,,,,,,,+微信 17686011218,,,,,,,,,,,,,,,,,,,,,,,,,,,,,,,,,,,,,,,,,,,,,,,,,,,
,,,,潍城原创艺术画廊,,,,,,,,,,,,,,,,,,,,,,,,,,,,,,,,,,,,15762407759,,,,,,,,,,,,,,,,,,,,,,,,,,,,,,,,,,,,,,,,,,,,,,,,,,,
,,,,淳风堂美术馆,,,,,,,,,,,,,,,,,,,,,,,,,,,,,,,,,,,,0531820251,,,,,,,,,,,,,,,,,,,,,,,,,,,,,,,,,,,,,,,,,,,,,,,,,,,
,,,,珏澜画社,,,,,,,,,,,,,,,,,,,,,,,,,,,,,,,,,,,,15811518188,,,,,,,,,,,,,,,,,,,,,,,,,,,,,,,,,,,,,,,,,,,,,,,,,,,
,,,,墨缘轩,,,,,,,,,,,,,,,,,,,,,,,,,,,,,,,,,,,,18660285577,,,,,,,,,,,,,,,,,,,,,,,,,,,,,,,,,,,,,,,,,,,,,,,,,,,
,,,,八大画廊,,,,,,,,,,,,,,,,,,,,,,,,,,,,,,,,,,,,13854100008,,,,,,,,,,,,,,,,,,,,,,,,,,,,,,,,,,,,,,,,,,,,,,,,,,,
,,,,人文艺术画廊,,,,,,,,,,,,,,,,,,,,,,,,,,,,,,,,,,,,18615513776,,,,,,,,,,,,,,,,,,,,,,,,,,,,,,,,,,,,,,,,,,,,,,,,,,,
,,,,西唐美术馆,,,,,,,,,,,,,,,,,,,,,,,,,,,,,,,,,,,,13651000087,,,,,,,,,,,,,,,,,,,,,,,,,,,,,,,,,,,,,,,,,,,,,,,,,,,
,,,,竹雨轩画廊,,,,,,,,,,,,,,,,,,,,,,,,,,,,,,,,,,,,13361309696,,,,,,,,,,,,,,,,,,,,,,,,,,,,,,,,,,,,,,,,,,,,,,,,,,,
,,,,九宫阁美术馆,,,,,,,,,,,,,,,,,,,,,,,,,,,,,,,,,,,,18678219287,,,,,,,,,,,,,,,,,,,,,,,,,,,,,,,,,,,,,,,,,,,,,,,,,,,
,,,,青岛韵致画廊,,,,,,,,,,,,,,,,,,,,,,,,,,,,,,,,,,,,18561493833,,,,,,,,,,,,,,,,,,,,,,,,,,,,,,,,,,,,,,,,,,,,,,,,,,,
,,,,大同美术馆,,,,,,,,,,,,,,,,,,,,,,,,,,,,,,,,,,,,15206853111,,,,,,,,,,,,,,,,,,,,,,,,,,,,,,,,,,,,,,,,,,,,,,,,,,,
,,,,青州画馆,,,,,,,,,,,,,,,,,,,,,,,,,,,,,,,,,,,,13806361368,,,,,,,,,,,,,,,,,,,,,,,,,,,,,,,,,,,,,,,,,,,,,,,,,,,
,,,,溪山书画,,,,,,,,,,,,,,,,,,,,,,,,,,,,,,,,,,,,13869133562,,,,,,,,,,,,,,,,,,,,,,,,,,,,,,,,,,,,,,,,,,,,,,,,,,,
,,,,国人美术馆,,,,,,,,,,,,,,,,,,,,,,,,,,,,,,,,,,,,13853660512,,,,,,,,,,,,,,,,,,,,,,,,,,,,,,,,,,,,,,,,,,,,,,,,,,,
,,,,竹山堂艺术馆,,,,,,,,,,,,,,,,,,,,,,,,,,,,,,,,,,,,18853665699,,,,,,,,,,,,,,,,,,,,,,,,,,,,,,,,,,,,,,,,,,,,,,,,,,,
,,,,中鲁美术馆,,,,,,,,,,,,,,,,,,,,,,,,,,,,,,,,,,,,18953260007,,,,,,,,,,,,,,,,,,,,,,,,,,,,,,,,,,,,,,,,,,,,,,,,,,,
,,,,观象美术馆,,,,,,,,,,,,,,,,,,,,,,,,,,,,,,,,,,,,15069169157,,,,,,,,,,,,,,,,,,,,,,,,,,,,,,,,,,,,,,,,,,,,,,,,,,,
,,,,新艺画廊,,,,,,,,,,,,,,,,,,,,,,,,,,,,,,,,,,,,18365608166,,,,,,,,,,,,,,,,,,,,,,,,,,,,,,,,,,,,,,,,,,,,,,,,,,,
,,,,墨舞砚语阁,,,,,,,,,,,,,,,,,,,,,,,,,,,,,,,,,,,,13589187588,,,,,,,,,,,,,,,,,,,,,,,,,,,,,,,,,,,,,,,,,,,,,,,,,,,
,,,,书良艺术馆,,,,,,,,,,,,,,,,,,,,,,,,,,,,,,,,,,,,18615335573,,,,,,,,,,,,,,,,,,,,,,,,,,,,,,,,,,,,,,,,,,,,,,,,,,,
,,,,文苑阁,,,,,,,,,,,,,,,,,,,,,,,,,,,,,,,,,,,,18265609678,,,,,,,,,,,,,,,,,,,,,,,,,,,,,,,,,,,,,,,,,,,,,,,,,,,
,,,,弘仁画廊,,,,,,,,,,,,,,,,,,,,,,,,,,,,,,,,,,,,18605312867,,,,,,,,,,,,,,,,,,,,,,,,,,,,,,,,,,,,,,,,,,,,,,,,,,,
,,,,印心斋,,,,,,,,,,,,,,,,,,,,,,,,,,,,,,,,,,,,15315113332,,,,,,,,,,,,,,,,,,,,,,,,,,,,,,,,,,,,,,,,,,,,,,,,,,,
,,,,艺芳斋画廊,,,,,,,,,,,,,,,,,,,,,,,,,,,,,,,,,,,,13573669178,,,,,,,,,,,,,,,,,,,,,,,,,,,,,,,,,,,,,,,,,,,,,,,,,,,
,,,,章丘国画院美术馆,,,,,,,,,,,,,,,,,,,,,,,,,,,,,,,,,,,,13954180289,,,,,,,,,,,,,,,,,,,,,,,,,,,,,,,,,,,,,,,,,,,,,,,,,,,
,,,,毓秀斋,,,,,,,,,,,,,,,,,,,,,,,,,,,,,,,,,,,,18660117968,,,,,,,,,,,,,,,,,,,,,,,,,,,,,,,,,,,,,,,,,,,,,,,,,,,
,,,,南风堂,,,,,,,,,,,,,,,,,,,,,,,,,,,,,,,,,,,,13305313376,,,,,,,,,,,,,,,,,,,,,,,,,,,,,,,,,,,,,,,,,,,,,,,,,,,
,,,,日照名家美术馆,,,,,,,,,,,,,,,,,,,,,,,,,,,,,,,,,,,,13863334567,,,,,,,,,,,,,,,,,,,,,,,,,,,,,,,,,,,,,,,,,,,,,,,,,,,
,,,,龙行天下书画艺术馆,,,,,,,,,,,,,,,,,,,,,,,,,,,,,,,,,,,,15610287878,,,,,,,,,,,,,,,,,,,,,,,,,,,,,,,,,,,,,,,,,,,,,,,,,,,
,,,,文鼎轩,,,,,,,,,,,,,,,,,,,,,,,,,,,,,,,,,,,,13964095100,,,,,,,,,,,,,,,,,,,,,,,,,,,,,,,,,,,,,,,,,,,,,,,,,,,
,,,,烟台芝罘正源画廊,,,,,,,,,,,,,,,,,,,,,,,,,,,,,,,,,,,,18053510187,,,,,,,,,,,,,,,,,,,,,,,,,,,,,,,,,,,,,,,,,,,,,,,,,,,
,,,,瑞元画社,,,,,,,,,,,,,,,,,,,,,,,,,,,,,,,,,,,,13655367588,,,,,,,,,,,,,,,,,,,,,,,,,,,,,,,,,,,,,,,,,,,,,,,,,,,
,,,,观霞听涛艺术会馆,,,,,,,,,,,,,,,,,,,,,,,,,,,,,,,,,,,,13706317166,,,,,,,,,,,,,,,,,,,,,,,,,,,,,,,,,,,,,,,,,,,,,,,,,,,
,,,,鸿一堂,,,,,,,,,,,,,,,,,,,,,,,,,,,,,,,,,,,,13256419876,,,,,,,,,,,,,,,,,,,,,,,,,,,,,,,,,,,,,,,,,,,,,,,,,,,
,,,,振宇斋,,,,,,,,,,,,,,,,,,,,,,,,,,,,,,,,,,,,15653312733,,,,,,,,,,,,,,,,,,,,,,,,,,,,,,,,,,,,,,,,,,,,,,,,,,,
,,,,王振中艺术馆,,,,,,,,,,,,,,,,,,,,,,,,,,,,,,,,,,,,13953390577,,,,,,,,,,,,,,,,,,,,,,,,,,,,,,,,,,,,,,,,,,,,,,,,,,,
,,,,欣园,,,,,,,,,,,,,,,,,,,,,,,,,,,,,,,,,,,,15964501814,,,,,,,,,,,,,,,,,,,,,,,,,,,,,,,,,,,,,,,,,,,,,,,,,,,
,,,,山东博兴雨梅美术馆,,,,,,,,,,,,,,,,,,,,,,,,,,,,,,,,,,,,15865416000,,,,,,,,,,,,,,,,,,,,,,,,,,,,,,,,,,,,,,,,,,,,,,,,,,,
,,,,泰华艺苑,,,,,,,,,,,,,,,,,,,,,,,,,,,,,,,,,,,,18363607085,,,,,,,,,,,,,,,,,,,,,,,,,,,,,,,,,,,,,,,,,,,,,,,,,,,
,,,,钦轩堂画廊,,,,,,,,,,,,,,,,,,,,,,,,,,,,,,,,,,,,15753639666,,,,,,,,,,,,,,,,,,,,,,,,,,,,,,,,,,,,,,,,,,,,,,,,,,,
,,,,烟台国际美术馆,,,,,,,,,,,,,,,,,,,,,,,,,,,,,,,,,,,,18561967559,,,,,,,,,,,,,,,,,,,,,,,,,,,,,,,,,,,,,,,,,,,,,,,,,,,
,,,,水浒国画院,,,,,,,,,,,,,,,,,,,,,,,,,,,,,,,,,,,,13054963596,,,,,,,,,,,,,,,,,,,,,,,,,,,,,,,,,,,,,,,,,,,,,,,,,,,
,,,,鑫和博物馆,,,,,,,,,,,,,,,,,,,,,,,,,,,,,,,,,,,,13573325111,,,,,,,,,,,,,,,,,,,,,,,,,,,,,,,,,,,,,,,,,,,,,,,,,,,
,,,,怀谷轩,,,,,,,,,,,,,,,,,,,,,,,,,,,,,,,,,,,,18560127527,,,,,,,,,,,,,,,,,,,,,,,,,,,,,,,,,,,,,,,,,,,,,,,,,,,
,,,,怀古轩,,,,,,,,,,,,,,,,,,,,,,,,,,,,,,,,,,,,13605313385,,,,,,,,,,,,,,,,,,,,,,,,,,,,,,,,,,,,,,,,,,,,,,,,,,,
,,,,丹青引,,,,,,,,,,,,,,,,,,,,,,,,,,,,,,,,,,,,13705356589,,,,,,,,,,,,,,,,,,,,,,,,,,,,,,,,,,,,,,,,,,,,,,,,,,,
,,,,大势美术馆,,,,,,,,,,,,,,,,,,,,,,,,,,,,,,,,,,,,13706345393 ,,,,,,,,,,,,,,,,,,,,,,,,,,,,,,,,,,,,,,,,,,,,,,,,,,,
,,,,子水斋,,,,,,,,,,,,,,,,,,,,,,,,,,,,,,,,,,,,15105460183,,,,,,,,,,,,,,,,,,,,,,,,,,,,,,,,,,,,,,,,,,,,,,,,,,,
,,,,惠风斋画廊,,,,,,,,,,,,,,,,,,,,,,,,,,,,,,,,,,,,13780800778,,,,,,,,,,,,,,,,,,,,,,,,,,,,,,,,,,,,,,,,,,,,,,,,,,,
,,,,艺澜斋画廊,,,,,,,,,,,,,,,,,,,,,,,,,,,,,,,,,,,,13153020808,,,,,,,,,,,,,,,,,,,,,,,,,,,,,,,,,,,,,,,,,,,,,,,,,,,
,,,,卧雪堂,,,,,,,,,,,,,,,,,,,,,,,,,,,,,,,,,,,,15606430000,,,,,,,,,,,,,,,,,,,,,,,,,,,,,,,,,,,,,,,,,,,,,,,,,,,
,,,,宗圣美术馆,,,,,,,,,,,,,,,,,,,,,,,,,,,,,,,,,,,,13355376669,,,,,,,,,,,,,,,,,,,,,,,,,,,,,,,,,,,,,,,,,,,,,,,,,,,
,,,,西海岸艺术馆,,,,,,,,,,,,,,,,,,,,,,,,,,,,,,,,,,,,15315511897,,,,,,,,,,,,,,,,,,,,,,,,,,,,,,,,,,,,,,,,,,,,,,,,,,,
,,,,乐艺轩,,,,,,,,,,,,,,,,,,,,,,,,,,,,,,,,,,,,18663638989,,,,,,,,,,,,,,,,,,,,,,,,,,,,,,,,,,,,,,,,,,,,,,,,,,,
,,,,prue002,,,,,,,,,,,,,,,,,,,,,,,,,,,,,,,,,,,,15725063609,,,,,,,,,,,,,,,,,,,,,,,,,,,,,,,,,,,,,,,,,,,,,,,,,,,
,,,,如一斋,,,,,,,,,,,,,,,,,,,,,,,,,,,,,,,,,,,,18653609786  15063627086,,,,,,,,,,,,,,,,,,,,,,,,,,,,,,,,,,,,,,,,,,,,,,,,,,,
,,,,怡心斋,,,,,,,,,,,,,,,,,,,,,,,,,,,,,,,,,,,,13706432136,,,,,,,,,,,,,,,,,,,,,,,,,,,,,,,,,,,,,,,,,,,,,,,,,,,
,,,,宝瀛斋画社,,,,,,,,,,,,,,,,,,,,,,,,,,,,,,,,,,,,15863267588,,,,,,,,,,,,,,,,,,,,,,,,,,,,,,,,,,,,,,,,,,,,,,,,,,,
,,,,宝兴堂,,,,,,,,,,,,,,,,,,,,,,,,,,,,,,,,,,,,13001621172,,,,,,,,,,,,,,,,,,,,,,,,,,,,,,,,,,,,,,,,,,,,,,,,,,,
,,,,祥云轩,,,,,,,,,,,,,,,,,,,,,,,,,,,,,,,,,,,,13561649956,,,,,,,,,,,,,,,,,,,,,,,,,,,,,,,,,,,,,,,,,,,,,,,,,,,
,,,,云左山房,,,,,,,,,,,,,,,,,,,,,,,,,,,,,,,,,,,,13953337779,,,,,,,,,,,,,,,,,,,,,,,,,,,,,,,,,,,,,,,,,,,,,,,,,,,
,,,,高密画院,,,,,,,,,,,,,,,,,,,,,,,,,,,,,,,,,,,,13305363897,,,,,,,,,,,,,,,,,,,,,,,,,,,,,,,,,,,,,,,,,,,,,,,,,,,
,,,,赢真堂,,,,,,,,,,,,,,,,,,,,,,,,,,,,,,,,,,,,15908033285,,,,,,,,,,,,,,,,,,,,,,,,,,,,,,,,,,,,,,,,,,,,,,,,,,,
,,,,荣华园美术馆,,,,,,,,,,,,,,,,,,,,,,,,,,,,,,,,,,,,13562699998,,,,,,,,,,,,,,,,,,,,,,,,,,,,,,,,,,,,,,,,,,,,,,,,,,,
,,,,博艺平价画廊,,,,,,,,,,,,,,,,,,,,,,,,,,,,,,,,,,,,15953951678,,,,,,,,,,,,,,,,,,,,,,,,,,,,,,,,,,,,,,,,,,,,,,,,,,,
,,,,云志艺术馆,,,,,,,,,,,,,,,,,,,,,,,,,,,,,,,,,,,,13853393119,,,,,,,,,,,,,,,,,,,,,,,,,,,,,,,,,,,,,,,,,,,,,,,,,,,
,,,,清源轩,,,,,,,,,,,,,,,,,,,,,,,,,,,,,,,,,,,,15965075555,,,,,,,,,,,,,,,,,,,,,,,,,,,,,,,,,,,,,,,,,,,,,,,,,,,
,,,,淄江书画院,,,,,,,,,,,,,,,,,,,,,,,,,,,,,,,,,,,,13589584696,,,,,,,,,,,,,,,,,,,,,,,,,,,,,,,,,,,,,,,,,,,,,,,,,,,
,,,,精心斋,,,,,,,,,,,,,,,,,,,,,,,,,,,,,,,,,,,,13608944066,,,,,,,,,,,,,,,,,,,,,,,,,,,,,,,,,,,,,,,,,,,,,,,,,,,
,,,,鉴华堂,,,,,,,,,,,,,,,,,,,,,,,,,,,,,,,,,,,,15589968677,,,,,,,,,,,,,,,,,,,,,,,,,,,,,,,,,,,,,,,,,,,,,,,,,,,
,,,,滋文阁文化艺术馆,,,,,,,,,,,,,,,,,,,,,,,,,,,,,,,,,,,,15863666111,,,,,,,,,,,,,,,,,,,,,,,,,,,,,,,,,,,,,,,,,,,,,,,,,,,
,,,,瑞墨斋,,,,,,,,,,,,,,,,,,,,,,,,,,,,,,,,,,,,13792157928,,,,,,,,,,,,,,,,,,,,,,,,,,,,,,,,,,,,,,,,,,,,,,,,,,,
,,,,浩宏美术馆,,,,,,,,,,,,,,,,,,,,,,,,,,,,,,,,,,,,13605339186,,,,,,,,,,,,,,,,,,,,,,,,,,,,,,,,,,,,,,,,,,,,,,,,,,,
,,,,锦丽斋,,,,,,,,,,,,,,,,,,,,,,,,,,,,,,,,,,,,13964352458,,,,,,,,,,,,,,,,,,,,,,,,,,,,,,,,,,,,,,,,,,,,,,,,,,,
,,,,思齐轩,,,,,,,,,,,,,,,,,,,,,,,,,,,,,,,,,,,,13953324690,,,,,,,,,,,,,,,,,,,,,,,,,,,,,,,,,,,,,,,,,,,,,,,,,,,
,,,,山东一叶名家画廊,,,,,,,,,,,,,,,,,,,,,,,,,,,,,,,,,,,,13953307299,,,,,,,,,,,,,,,,,,,,,,,,,,,,,,,,,,,,,,,,,,,,,,,,,,,
,,,,云开画苑,,,,,,,,,,,,,,,,,,,,,,,,,,,,,,,,,,,,13964302102,,,,,,,,,,,,,,,,,,,,,,,,,,,,,,,,,,,,,,,,,,,,,,,,,,,
,,,,惊蛰当代艺术,,,,,,,,,,,,,,,,,,,,,,,,,,,,,,,,,,,,18663660304,,,,,,,,,,,,,,,,,,,,,,,,,,,,,,,,,,,,,,,,,,,,,,,,,,,
,,,,领秀画苑,,,,,,,,,,,,,,,,,,,,,,,,,,,,,,,,,,,,18605338318,,,,,,,,,,,,,,,,,,,,,,,,,,,,,,,,,,,,,,,,,,,,,,,,,,,
,,,,瑞博书画,,,,,,,,,,,,,,,,,,,,,,,,,,,,,,,,,,,,13561425555,,,,,,,,,,,,,,,,,,,,,,,,,,,,,,,,,,,,,,,,,,,,,,,,,,,
,,,,正文美术馆,,,,,,,,,,,,,,,,,,,,,,,,,,,,,,,,,,,,13806331618,,,,,,,,,,,,,,,,,,,,,,,,,,,,,,,,,,,,,,,,,,,,,,,,,,,
,,,,齐文艺术馆,,,,,,,,,,,,,,,,,,,,,,,,,,,,,,,,,,,,18678111183,,,,,,,,,,,,,,,,,,,,,,,,,,,,,,,,,,,,,,,,,,,,,,,,,,,
,,,,瀚萃斋艺术馆,,,,,,,,,,,,,,,,,,,,,,,,,,,,,,,,,,,,13905333293,,,,,,,,,,,,,,,,,,,,,,,,,,,,,,,,,,,,,,,,,,,,,,,,,,,
,,,,墨德斋艺术画廊,,,,,,,,,,,,,,,,,,,,,,,,,,,,,,,,,,,,15662519828,,,,,,,,,,,,,,,,,,,,,,,,,,,,,,,,,,,,,,,,,,,,,,,,,,,
,,,,润德堂,,,,,,,,,,,,,,,,,,,,,,,,,,,,,,,,,,,,18766010189,,,,,,,,,,,,,,,,,,,,,,,,,,,,,,,,,,,,,,,,,,,,,,,,,,,
,,,,沁墨轩,,,,,,,,,,,,,,,,,,,,,,,,,,,,,,,,,,,,15615638383,,,,,,,,,,,,,,,,,,,,,,,,,,,,,,,,,,,,,,,,,,,,,,,,,,,
,,,,和谐画廊,,,,,,,,,,,,,,,,,,,,,,,,,,,,,,,,,,,,18615109668,,,,,,,,,,,,,,,,,,,,,,,,,,,,,,,,,,,,,,,,,,,,,,,,,,,
,,,,泰山美术馆,,,,,,,,,,,,,,,,,,,,,,,,,,,,,,,,,,,,13455802274,,,,,,,,,,,,,,,,,,,,,,,,,,,,,,,,,,,,,,,,,,,,,,,,,,,
,,,,茹茹画馆,,,,,,,,,,,,,,,,,,,,,,,,,,,,,,,,,,,,15166082399,,,,,,,,,,,,,,,,,,,,,,,,,,,,,,,,,,,,,,,,,,,,,,,,,,,
,,,,八零艺术空间,,,,,,,,,,,,,,,,,,,,,,,,,,,,,,,,,,,,18763631983,,,,,,,,,,,,,,,,,,,,,,,,,,,,,,,,,,,,,,,,,,,,,,,,,,,
,,,,淄博碧云山房艺术馆,,,,,,,,,,,,,,,,,,,,,,,,,,,,,,,,,,,,13011622888,,,,,,,,,,,,,,,,,,,,,,,,,,,,,,,,,,,,,,,,,,,,,,,,,,,
,,,,不二画廊,,,,,,,,,,,,,,,,,,,,,,,,,,,,,,,,,,,,18366219331,,,,,,,,,,,,,,,,,,,,,,,,,,,,,,,,,,,,,,,,,,,,,,,,,,,
,,,,敦复堂艺术馆,,,,,,,,,,,,,,,,,,,,,,,,,,,,,,,,,,,,13581009527,,,,,,,,,,,,,,,,,,,,,,,,,,,,,,,,,,,,,,,,,,,,,,,,,,,
,,,,大成美术馆,,,,,,,,,,,,,,,,,,,,,,,,,,,,,,,,,,,,15966326361,,,,,,,,,,,,,,,,,,,,,,,,,,,,,,,,,,,,,,,,,,,,,,,,,,,
,,,,玺源阁,,,,,,,,,,,,,,,,,,,,,,,,,,,,,,,,,,,,13806489657 ,,,,,,,,,,,,,,,,,,,,,,,,,,,,,,,,,,,,,,,,,,,,,,,,,,,
,,,,敬一美术馆,,,,,,,,,,,,,,,,,,,,,,,,,,,,,,,,,,,,18605326501,,,,,,,,,,,,,,,,,,,,,,,,,,,,,,,,,,,,,,,,,,,,,,,,,,,
,,,,沃德利成书画院,,,,,,,,,,,,,,,,,,,,,,,,,,,,,,,,,,,,15866828789,,,,,,,,,,,,,,,,,,,,,,,,,,,,,,,,,,,,,,,,,,,,,,,,,,,
,,,,上观艺术馆,,,,,,,,,,,,,,,,,,,,,,,,,,,,,,,,,,,,18678070717,,,,,,,,,,,,,,,,,,,,,,,,,,,,,,,,,,,,,,,,,,,,,,,,,,,
,,,,三问堂,,,,,,,,,,,,,,,,,,,,,,,,,,,,,,,,,,,,13059358441,,,,,,,,,,,,,,,,,,,,,,,,,,,,,,,,,,,,,,,,,,,,,,,,,,,
,,,,嘉宝艺术,,,,,,,,,,,,,,,,,,,,,,,,,,,,,,,,,,,,13963187828,,,,,,,,,,,,,,,,,,,,,,,,,,,,,,,,,,,,,,,,,,,,,,,,,,,
,,,,金汉府,,,,,,,,,,,,,,,,,,,,,,,,,,,,,,,,,,,,13583630069,,,,,,,,,,,,,,,,,,,,,,,,,,,,,,,,,,,,,,,,,,,,,,,,,,,
,,,,新泰翰墨轩书画院,,,,,,,,,,,,,,,,,,,,,,,,,,,,,,,,,,,,13854817798,,,,,,,,,,,,,,,,,,,,,,,,,,,,,,,,,,,,,,,,,,,,,,,,,,,
,,,,墨芳斋,,,,,,,,,,,,,,,,,,,,,,,,,,,,,,,,,,,,13573680199,,,,,,,,,,,,,,,,,,,,,,,,,,,,,,,,,,,,,,,,,,,,,,,,,,,
,,,,松月轩,,,,,,,,,,,,,,,,,,,,,,,,,,,,,,,,,,,,13678641052,,,,,,,,,,,,,,,,,,,,,,,,,,,,,,,,,,,,,,,,,,,,,,,,,,,
,,,,圣华美术馆,,,,,,,,,,,,,,,,,,,,,,,,,,,,,,,,,,,,13656364567,,,,,,,,,,,,,,,,,,,,,,,,,,,,,,,,,,,,,,,,,,,,,,,,,,,
,,,,无尘斋,,,,,,,,,,,,,,,,,,,,,,,,,,,,,,,,,,,,13953345766,,,,,,,,,,,,,,,,,,,,,,,,,,,,,,,,,,,,,,,,,,,,,,,,,,,
,,,,翠微阁 ,,,,,,,,,,,,,,,,,,,,,,,,,,,,,,,,,,,,13583664007 ,,,,,,,,,,,,,,,,,,,,,,,,,,,,,,,,,,,,,,,,,,,,,,,,,,,
,,,,伏藏斋,,,,,,,,,,,,,,,,,,,,,,,,,,,,,,,,,,,,18660814188,,,,,,,,,,,,,,,,,,,,,,,,,,,,,,,,,,,,,,,,,,,,,,,,,,,
,,,,仕儒轩,,,,,,,,,,,,,,,,,,,,,,,,,,,,,,,,,,,,13806364172,,,,,,,,,,,,,,,,,,,,,,,,,,,,,,,,,,,,,,,,,,,,,,,,,,,
,,,,千一阁,,,,,,,,,,,,,,,,,,,,,,,,,,,,,,,,,,,,15165155931,,,,,,,,,,,,,,,,,,,,,,,,,,,,,,,,,,,,,,,,,,,,,,,,,,,
,,,,清心斋,,,,,,,,,,,,,,,,,,,,,,,,,,,,,,,,,,,,15169080535,,,,,,,,,,,,,,,,,,,,,,,,,,,,,,,,,,,,,,,,,,,,,,,,,,,
,,,,青州宋城艺术馆,,,,,,,,,,,,,,,,,,,,,,,,,,,,,,,,,,,,15165678002,,,,,,,,,,,,,,,,,,,,,,,,,,,,,,,,,,,,,,,,,,,,,,,,,,,
,,,,高品画廊,,,,,,,,,,,,,,,,,,,,,,,,,,,,,,,,,,,,13256308555,,,,,,,,,,,,,,,,,,,,,,,,,,,,,,,,,,,,,,,,,,,,,,,,,,,
,,,,威海得月轩美术馆,,,,,,,,,,,,,,,,,,,,,,,,,,,,,,,,,,,,13863102898,,,,,,,,,,,,,,,,,,,,,,,,,,,,,,,,,,,,,,,,,,,,,,,,,,,
,,,,和园 ,,,,,,,,,,,,,,,,,,,,,,,,,,,,,,,,,,,,18615905300,,,,,,,,,,,,,,,,,,,,,,,,,,,,,,,,,,,,,,,,,,,,,,,,,,,
,,,,岱云山房,,,,,,,,,,,,,,,,,,,,,,,,,,,,,,,,,,,,15288823628,,,,,,,,,,,,,,,,,,,,,,,,,,,,,,,,,,,,,,,,,,,,,,,,,,,
,,,,寿光金顿艺术馆,,,,,,,,,,,,,,,,,,,,,,,,,,,,,,,,,,,,05365210909,,,,,,,,,,,,,,,,,,,,,,,,,,,,,,,,,,,,,,,,,,,,,,,,,,,
,,,,宗聖堂,,,,,,,,,,,,,,,,,,,,,,,,,,,,,,,,,,,,13280726778,,,,,,,,,,,,,,,,,,,,,,,,,,,,,,,,,,,,,,,,,,,,,,,,,,,
,,,,翰墨腾龙美术馆,,,,,,,,,,,,,,,,,,,,,,,,,,,,,,,,,,,,18853100133,,,,,,,,,,,,,,,,,,,,,,,,,,,,,,,,,,,,,,,,,,,,,,,,,,,
,,,,中国东镇书画院,,,,,,,,,,,,,,,,,,,,,,,,,,,,,,,,,,,,18663666156,,,,,,,,,,,,,,,,,,,,,,,,,,,,,,,,,,,,,,,,,,,,,,,,,,,
,,,,彩喜文化画廊,,,,,,,,,,,,,,,,,,,,,,,,,,,,,,,,,,,,18305369199,,,,,,,,,,,,,,,,,,,,,,,,,,,,,,,,,,,,,,,,,,,,,,,,,,,
,,,,双木楼画院,,,,,,,,,,,,,,,,,,,,,,,,,,,,,,,,,,,,13371184888,,,,,,,,,,,,,,,,,,,,,,,,,,,,,,,,,,,,,,,,,,,,,,,,,,,
,,,,益文斋画廊,,,,,,,,,,,,,,,,,,,,,,,,,,,,,,,,,,,,15265628899,,,,,,,,,,,,,,,,,,,,,,,,,,,,,,,,,,,,,,,,,,,,,,,,,,,
,,,,翰琦轩,,,,,,,,,,,,,,,,,,,,,,,,,,,,,,,,,,,,13583636981,,,,,,,,,,,,,,,,,,,,,,,,,,,,,,,,,,,,,,,,,,,,,,,,,,,
,,,,山东华堂艺术品,,,,,,,,,,,,,,,,,,,,,,,,,,,,,,,,,,,,18266333333,,,,,,,,,,,,,,,,,,,,,,,,,,,,,,,,,,,,,,,,,,,,,,,,,,,
,,,,居德轩,,,,,,,,,,,,,,,,,,,,,,,,,,,,,,,,,,,,13573619999,,,,,,,,,,,,,,,,,,,,,,,,,,,,,,,,,,,,,,,,,,,,,,,,,,,
,,,,福泽轩,,,,,,,,,,,,,,,,,,,,,,,,,,,,,,,,,,,,18706557777,,,,,,,,,,,,,,,,,,,,,,,,,,,,,,,,,,,,,,,,,,,,,,,,,,,
,,,,运河美术馆,,,,,,,,,,,,,,,,,,,,,,,,,,,,,,,,,,,,0537-2214408 ,,,,,,,,,,,,,,,,,,,,,,,,,,,,,,,,,,,,,,,,,,,,,,,,,,,
,,,,大山画廊,,,,,,,,,,,,,,,,,,,,,,,,,,,,,,,,,,,,13606353821 ,,,,,,,,,,,,,,,,,,,,,,,,,,,,,,,,,,,,,,,,,,,,,,,,,,,
,,,,沂州琅琊画廊,,,,,,,,,,,,,,,,,,,,,,,,,,,,,,,,,,,,15254990035,,,,,,,,,,,,,,,,,,,,,,,,,,,,,,,,,,,,,,,,,,,,,,,,,,,
,,,,枣庄画廊,,,,,,,,,,,,,,,,,,,,,,,,,,,,,,,,,,,,13606325236,,,,,,,,,,,,,,,,,,,,,,,,,,,,,,,,,,,,,,,,,,,,,,,,,,,
,,,,梅香书屋,,,,,,,,,,,,,,,,,,,,,,,,,,,,,,,,,,,,13969265980,,,,,,,,,,,,,,,,,,,,,,,,,,,,,,,,,,,,,,,,,,,,,,,,,,,
,,,,烟台书画美术城,,,,,,,,,,,,,,,,,,,,,,,,,,,,,,,,,,,,13153501059,,,,,,,,,,,,,,,,,,,,,,,,,,,,,,,,,,,,,,,,,,,,,,,,,,,
,,,,尚艺艺术001艺术沙龙,,,,,,,,,,,,,,,,,,,,,,,,,,,,,,,,,,,,15306341888,,,,,,,,,,,,,,,,,,,,,,,,,,,,,,,,,,,,,,,,,,,,,,,,,,,
,,,,华宝轩,,,,,,,,,,,,,,,,,,,,,,,,,,,,,,,,,,,,13808948976,,,,,,,,,,,,,,,,,,,,,,,,,,,,,,,,,,,,,,,,,,,,,,,,,,,
,,,,凝瑞文化,,,,,,,,,,,,,,,,,,,,,,,,,,,,,,,,,,,,13869268966,,,,,,,,,,,,,,,,,,,,,,,,,,,,,,,,,,,,,,,,,,,,,,,,,,,
,,,,大铁像艺术馆,,,,,,,,,,,,,,,,,,,,,,,,,,,,,,,,,,,,15615732221,,,,,,,,,,,,,,,,,,,,,,,,,,,,,,,,,,,,,,,,,,,,,,,,,,,
,,,,五境山房,,,,,,,,,,,,,,,,,,,,,,,,,,,,,,,,,,,,15053467777,,,,,,,,,,,,,,,,,,,,,,,,,,,,,,,,,,,,,,,,,,,,,,,,,,,
,,,,青州锦程斋,,,,,,,,,,,,,,,,,,,,,,,,,,,,,,,,,,,,13905363023 ,,,,,,,,,,,,,,,,,,,,,,,,,,,,,,,,,,,,,,,,,,,,,,,,,,,
,,,,嘉艺斋,,,,,,,,,,,,,,,,,,,,,,,,,,,,,,,,,,,,13964765067,,,,,,,,,,,,,,,,,,,,,,,,,,,,,,,,,,,,,,,,,,,,,,,,,,,
,,,,第一轩 ,,,,,,,,,,,,,,,,,,,,,,,,,,,,,,,,,,,,13954670352,,,,,,,,,,,,,,,,,,,,,,,,,,,,,,,,,,,,,,,,,,,,,,,,,,,
,,,,子欣画廊,,,,,,,,,,,,,,,,,,,,,,,,,,,,,,,,,,,,15910110627,,,,,,,,,,,,,,,,,,,,,,,,,,,,,,,,,,,,,,,,,,,,,,,,,,,
,,,,大观画廊,,,,,,,,,,,,,,,,,,,,,,,,,,,,,,,,,,,,18678140199,,,,,,,,,,,,,,,,,,,,,,,,,,,,,,,,,,,,,,,,,,,,,,,,,,,
,,,,静远画廊,,,,,,,,,,,,,,,,,,,,,,,,,,,,,,,,,,,,15662716613,,,,,,,,,,,,,,,,,,,,,,,,,,,,,,,,,,,,,,,,,,,,,,,,,,,
,,,,墨羽斋,,,,,,,,,,,,,,,,,,,,,,,,,,,,,,,,,,,,13792669988,,,,,,,,,,,,,,,,,,,,,,,,,,,,,,,,,,,,,,,,,,,,,,,,,,,
,,,,馨苑画廊,,,,,,,,,,,,,,,,,,,,,,,,,,,,,,,,,,,,13127152955,,,,,,,,,,,,,,,,,,,,,,,,,,,,,,,,,,,,,,,,,,,,,,,,,,,
,,,,寿光居德斋艺术馆,,,,,,,,,,,,,,,,,,,,,,,,,,,,,,,,,,,,13705369258; 13506473319,,,,,,,,,,,,,,,,,,,,,,,,,,,,,,,,,,,,,,,,,,,,,,,,,,,
,,,,萧雅轩画廊,,,,,,,,,,,,,,,,,,,,,,,,,,,,,,,,,,,,13583699128,,,,,,,,,,,,,,,,,,,,,,,,,,,,,,,,,,,,,,,,,,,,,,,,,,,
,,,,大家画廊,,,,,,,,,,,,,,,,,,,,,,,,,,,,,,,,,,,,13791729968,,,,,,,,,,,,,,,,,,,,,,,,,,,,,,,,,,,,,,,,,,,,,,,,,,,
,,,,翰逸斋,,,,,,,,,,,,,,,,,,,,,,,,,,,,,,,,,,,,13953656091,,,,,,,,,,,,,,,,,,,,,,,,,,,,,,,,,,,,,,,,,,,,,,,,,,,
,,,,盛氏书画,,,,,,,,,,,,,,,,,,,,,,,,,,,,,,,,,,,,18254131119,,,,,,,,,,,,,,,,,,,,,,,,,,,,,,,,,,,,,,,,,,,,,,,,,,,
,,,,天朗轩美术馆,,,,,,,,,,,,,,,,,,,,,,,,,,,,,,,,,,,,13953656760,,,,,,,,,,,,,,,,,,,,,,,,,,,,,,,,,,,,,,,,,,,,,,,,,,,
,,,,汇隆堂画廊,,,,,,,,,,,,,,,,,,,,,,,,,,,,,,,,,,,,13905363261,,,,,,,,,,,,,,,,,,,,,,,,,,,,,,,,,,,,,,,,,,,,,,,,,,,
,,,,山东昕坤画廊,,,,,,,,,,,,,,,,,,,,,,,,,,,,,,,,,,,,13012990272,,,,,,,,,,,,,,,,,,,,,,,,,,,,,,,,,,,,,,,,,,,,,,,,,,,
,,,,悠悠堂艺术馆,,,,,,,,,,,,,,,,,,,,,,,,,,,,,,,,,,,,13505333923 ,,,,,,,,,,,,,,,,,,,,,,,,,,,,,,,,,,,,,,,,,,,,,,,,,,,
,,,,龙煜斋,,,,,,,,,,,,,,,,,,,,,,,,,,,,,,,,,,,,13573316832,,,,,,,,,,,,,,,,,,,,,,,,,,,,,,,,,,,,,,,,,,,,,,,,,,,
,,,,凹凸阁,,,,,,,,,,,,,,,,,,,,,,,,,,,,,,,,,,,,13906313827,,,,,,,,,,,,,,,,,,,,,,,,,,,,,,,,,,,,,,,,,,,,,,,,,,,
,,,,钰泰美术馆,,,,,,,,,,,,,,,,,,,,,,,,,,,,,,,,,,,,18353368832,,,,,,,,,,,,,,,,,,,,,,,,,,,,,,,,,,,,,,,,,,,,,,,,,,,
,,,,尚瀛轩,,,,,,,,,,,,,,,,,,,,,,,,,,,,,,,,,,,,13953663691,,,,,,,,,,,,,,,,,,,,,,,,,,,,,,,,,,,,,,,,,,,,,,,,,,,
,,,,宏源画廊,,,,,,,,,,,,,,,,,,,,,,,,,,,,,,,,,,,,13791202320,,,,,,,,,,,,,,,,,,,,,,,,,,,,,,,,,,,,,,,,,,,,,,,,,,,
,,,,文仁轩,,,,,,,,,,,,,,,,,,,,,,,,,,,,,,,,,,,,15165099695,,,,,,,,,,,,,,,,,,,,,,,,,,,,,,,,,,,,,,,,,,,,,,,,,,,
,,,,亘古堂,,,,,,,,,,,,,,,,,,,,,,,,,,,,,,,,,,,,15866866151,,,,,,,,,,,,,,,,,,,,,,,,,,,,,,,,,,,,,,,,,,,,,,,,,,,
,,,,昱庭轩画廊,,,,,,,,,,,,,,,,,,,,,,,,,,,,,,,,,,,,15866796629,,,,,,,,,,,,,,,,,,,,,,,,,,,,,,,,,,,,,,,,,,,,,,,,,,,
,,,,集萃轩,,,,,,,,,,,,,,,,,,,,,,,,,,,,,,,,,,,,13953486509,,,,,,,,,,,,,,,,,,,,,,,,,,,,,,,,,,,,,,,,,,,,,,,,,,,
,,,,止逸斋,,,,,,,,,,,,,,,,,,,,,,,,,,,,,,,,,,,,13406617666,,,,,,,,,,,,,,,,,,,,,,,,,,,,,,,,,,,,,,,,,,,,,,,,,,,
,,,,宝名斋画廊,,,,,,,,,,,,,,,,,,,,,,,,,,,,,,,,,,,,13011743317,,,,,,,,,,,,,,,,,,,,,,,,,,,,,,,,,,,,,,,,,,,,,,,,,,,
,,,,杏坛画院,,,,,,,,,,,,,,,,,,,,,,,,,,,,,,,,,,,,15668486197,,,,,,,,,,,,,,,,,,,,,,,,,,,,,,,,,,,,,,,,,,,,,,,,,,,
,,,,集韵斋,,,,,,,,,,,,,,,,,,,,,,,,,,,,,,,,,,,,15254548592,,,,,,,,,,,,,,,,,,,,,,,,,,,,,,,,,,,,,,,,,,,,,,,,,,,
,,,,大道画廊,,,,,,,,,,,,,,,,,,,,,,,,,,,,,,,,,,,,15615567901 ,,,,,,,,,,,,,,,,,,,,,,,,,,,,,,,,,,,,,,,,,,,,,,,,,,,
,,,,东岳美术馆,,,,,,,,,,,,,,,,,,,,,,,,,,,,,,,,,,,,13605381128,,,,,,,,,,,,,,,,,,,,,,,,,,,,,,,,,,,,,,,,,,,,,,,,,,,
,,,,顾群业当代艺术馆,,,,,,,,,,,,,,,,,,,,,,,,,,,,,,,,,,,,13505402866,,,,,,,,,,,,,,,,,,,,,,,,,,,,,,,,,,,,,,,,,,,,,,,,,,,
,,,,古月楼博物馆画廊,,,,,,,,,,,,,,,,,,,,,,,,,,,,,,,,,,,,15966331889,,,,,,,,,,,,,,,,,,,,,,,,,,,,,,,,,,,,,,,,,,,,,,,,,,,
,,,,宇文斋画廊,,,,,,,,,,,,,,,,,,,,,,,,,,,,,,,,,,,,18686303069,,,,,,,,,,,,,,,,,,,,,,,,,,,,,,,,,,,,,,,,,,,,,,,,,,,
,,,,大运河 画廊,,,,,,,,,,,,,,,,,,,,,,,,,,,,,,,,,,,,13606352939,,,,,,,,,,,,,,,,,,,,,,,,,,,,,,,,,,,,,,,,,,,,,,,,,,,
,,,,逢源斋,,,,,,,,,,,,,,,,,,,,,,,,,,,,,,,,,,,,18753613609,,,,,,,,,,,,,,,,,,,,,,,,,,,,,,,,,,,,,,,,,,,,,,,,,,,
,,,,清枫阁画廊,,,,,,,,,,,,,,,,,,,,,,,,,,,,,,,,,,,,15562778800,,,,,,,,,,,,,,,,,,,,,,,,,,,,,,,,,,,,,,,,,,,,,,,,,,,
,,,,铭艺书画艺术馆,,,,,,,,,,,,,,,,,,,,,,,,,,,,,,,,,,,,13792675966,,,,,,,,,,,,,,,,,,,,,,,,,,,,,,,,,,,,,,,,,,,,,,,,,,,
,,,,拂云轩,,,,,,,,,,,,,,,,,,,,,,,,,,,,,,,,,,,,15264906689,,,,,,,,,,,,,,,,,,,,,,,,,,,,,,,,,,,,,,,,,,,,,,,,,,,
,,,,瀚雅画廊,,,,,,,,,,,,,,,,,,,,,,,,,,,,,,,,,,,,138 6416 3666,,,,,,,,,,,,,,,,,,,,,,,,,,,,,,,,,,,,,,,,,,,,,,,,,,,
,,,,济南墨华堂画廊 ,,,,,,,,,,,,,,,,,,,,,,,,,,,,,,,,,,,,13964052771,,,,,,,,,,,,,,,,,,,,,,,,,,,,,,,,,,,,,,,,,,,,,,,,,,,
,,,,鑫宝斋,,,,,,,,,,,,,,,,,,,,,,,,,,,,,,,,,,,,13562669106,,,,,,,,,,,,,,,,,,,,,,,,,,,,,,,,,,,,,,,,,,,,,,,,,,,
,,,,听竹山馆,,,,,,,,,,,,,,,,,,,,,,,,,,,,,,,,,,,,13589599388,,,,,,,,,,,,,,,,,,,,,,,,,,,,,,,,,,,,,,,,,,,,,,,,,,,
,,,,大红门美术馆 ,,,,,,,,,,,,,,,,,,,,,,,,,,,,,,,,,,,,13581009527,,,,,,,,,,,,,,,,,,,,,,,,,,,,,,,,,,,,,,,,,,,,,,,,,,,
,,,,潍坊方辰艺术画廊,,,,,,,,,,,,,,,,,,,,,,,,,,,,,,,,,,,,1527053601@qq.com ,,,,,,,,,,,,,,,,,,,,,,,,,,,,,,,,,,,,,,,,,,,,,,,,,,,
,,,,朵云轩（山东）画廊 ,,,,,,,,,,,,,,,,,,,,,,,,,,,,,,,,,,,,15853139163 ,,,,,,,,,,,,,,,,,,,,,,,,,,,,,,,,,,,,,,,,,,,,,,,,,,,
,,,,博艺斋,,,,,,,,,,,,,,,,,,,,,,,,,,,,,,,,,,,,18653399870,,,,,,,,,,,,,,,,,,,,,,,,,,,,,,,,,,,,,,,,,,,,,,,,,,,
,,,,钰鼎美术馆,,,,,,,,,,,,,,,,,,,,,,,,,,,,,,,,,,,,15954649666,,,,,,,,,,,,,,,,,,,,,,,,,,,,,,,,,,,,,,,,,,,,,,,,,,,
,,,,水墨春秋,,,,,,,,,,,,,,,,,,,,,,,,,,,,,,,,,,,,1000000000,,,,,,,,,,,,,,,,,,,,,,,,,,,,,,,,,,,,,,,,,,,,,,,,,,,
,,,,富程艺术·Z空间,,,,,,,,,,,,,,,,,,,,,,,,,,,,,,,,,,,,15269116366,,,,,,,,,,,,,,,,,,,,,,,,,,,,,,,,,,,,,,,,,,,,,,,,,,,
,,,,御风堂,,,,,,,,,,,,,,,,,,,,,,,,,,,,,,,,,,,,0533-7967798  13506447663,,,,,,,,,,,,,,,,,,,,,,,,,,,,,,,,,,,,,,,,,,,,,,,,,,,
,,,,秋风堂画廊,,,,,,,,,,,,,,,,,,,,,,,,,,,,,,,,,,,,13563355188,,,,,,,,,,,,,,,,,,,,,,,,,,,,,,,,,,,,,,,,,,,,,,,,,,,
,,,,海归画廊,,,,,,,,,,,,,,,,,,,,,,,,,,,,,,,,,,,,13361080358 ,,,,,,,,,,,,,,,,,,,,,,,,,,,,,,,,,,,,,,,,,,,,,,,,,,,
,,,,山东省藏真阁画廊,,,,,,,,,,,,,,,,,,,,,,,,,,,,,,,,,,,,13006592128,,,,,,,,,,,,,,,,,,,,,,,,,,,,,,,,,,,,,,,,,,,,,,,,,,,
,,,,德文斋,,,,,,,,,,,,,,,,,,,,,,,,,,,,,,,,,,,,13371573366,,,,,,,,,,,,,,,,,,,,,,,,,,,,,,,,,,,,,,,,,,,,,,,,,,,
,,,,华夏美术画廊,,,,,,,,,,,,,,,,,,,,,,,,,,,,,,,,,,,,13335158868 ,,,,,,,,,,,,,,,,,,,,,,,,,,,,,,,,,,,,,,,,,,,,,,,,,,,
,,,,东营品艺坊,,,,,,,,,,,,,,,,,,,,,,,,,,,,,,,,,,,,13054637506,,,,,,,,,,,,,,,,,,,,,,,,,,,,,,,,,,,,,,,,,,,,,,,,,,,
,,,,点苍斋,,,,,,,,,,,,,,,,,,,,,,,,,,,,,,,,,,,,13718026678,,,,,,,,,,,,,,,,,,,,,,,,,,,,,,,,,,,,,,,,,,,,,,,,,,,
,,,,青博画廊 ,,,,,,,,,,,,,,,,,,,,,,,,,,,,,,,,,,,,0532－88897826 ,,,,,,,,,,,,,,,,,,,,,,,,,,,,,,,,,,,,,,,,,,,,,,,,,,,
,,,,望峰阁画廊 ,,,,,,,,,,,,,,,,,,,,,,,,,,,,,,,,,,,,15098674612 ,,,,,,,,,,,,,,,,,,,,,,,,,,,,,,,,,,,,,,,,,,,,,,,,,,,
,,,,阳光翰博艺术馆 ,,,,,,,,,,,,,,,,,,,,,,,,,,,,,,,,,,,,18853696661 ,,,,,,,,,,,,,,,,,,,,,,,,,,,,,,,,,,,,,,,,,,,,,,,,,,,
,,,,逸林轩画廊,,,,,,,,,,,,,,,,,,,,,,,,,,,,,,,,,,,,15662469265,,,,,,,,,,,,,,,,,,,,,,,,,,,,,,,,,,,,,,,,,,,,,,,,,,,
,,,,大风岗画廊,,,,,,,,,,,,,,,,,,,,,,,,,,,,,,,,,,,,13864121524, 13181705620 ,,,,,,,,,,,,,,,,,,,,,,,,,,,,,,,,,,,,,,,,,,,,,,,,,,,
,,,,秀雅斋画廊,,,,,,,,,,,,,,,,,,,,,,,,,,,,,,,,,,,,(0531)82903468 ,,,,,,,,,,,,,,,,,,,,,,,,,,,,,,,,,,,,,,,,,,,,,,,,,,,
,,,,典雅斋画廊,,,,,,,,,,,,,,,,,,,,,,,,,,,,,,,,,,,,(0531)85883685 ,,,,,,,,,,,,,,,,,,,,,,,,,,,,,,,,,,,,,,,,,,,,,,,,,,,
,,,,行云画廊,,,,,,,,,,,,,,,,,,,,,,,,,,,,,,,,,,,,15662677122 ,,,,,,,,,,,,,,,,,,,,,,,,,,,,,,,,,,,,,,,,,,,,,,,,,,,
,,,,茅庐画廊,,,,,,,,,,,,,,,,,,,,,,,,,,,,,,,,,,,,13370523737 ,,,,,,,,,,,,,,,,,,,,,,,,,,,,,,,,,,,,,,,,,,,,,,,,,,,
,,,,墨朋阁画廊,,,,,,,,,,,,,,,,,,,,,,,,,,,,,,,,,,,,(0531)82067825 ,,,,,,,,,,,,,,,,,,,,,,,,,,,,,,,,,,,,,,,,,,,,,,,,,,,
,,,,金玉轩画廊,,,,,,,,,,,,,,,,,,,,,,,,,,,,,,,,,,,,15615776621 ,,,,,,,,,,,,,,,,,,,,,,,,,,,,,,,,,,,,,,,,,,,,,,,,,,,
,,,,聚墨轩,,,,,,,,,,,,,,,,,,,,,,,,,,,,,,,,,,,,15318988177 ,,,,,,,,,,,,,,,,,,,,,,,,,,,,,,,,,,,,,,,,,,,,,,,,,,,
,,,,典藏画廊,,,,,,,,,,,,,,,,,,,,,,,,,,,,,,,,,,,,0532-80889711 ,,,,,,,,,,,,,,,,,,,,,,,,,,,,,,,,,,,,,,,,,,,,,,,,,,,
,,,,润德斋,,,,,,,,,,,,,,,,,,,,,,,,,,,,,,,,,,,,18678008108,,,,,,,,,,,,,,,,,,,,,,,,,,,,,,,,,,,,,,,,,,,,,,,,,,,
,,,,浩瀚轩书画廊,,,,,,,,,,,,,,,,,,,,,,,,,,,,,,,,,,,,15153126689,,,,,,,,,,,,,,,,,,,,,,,,,,,,,,,,,,,,,,,,,,,,,,,,,,,
,,,,浩雅斋画廊,,,,,,,,,,,,,,,,,,,,,,,,,,,,,,,,,,,,18653121719 ,,,,,,,,,,,,,,,,,,,,,,,,,,,,,,,,,,,,,,,,,,,,,,,,,,,
,,,,一象绘画馆 ,,,,,,,,,,,,,,,,,,,,,,,,,,,,,,,,,,,,18654345999,,,,,,,,,,,,,,,,,,,,,,,,,,,,,,,,,,,,,,,,,,,,,,,,,,,
,,,,潍坊画馆,,,,,,,,,,,,,,,,,,,,,,,,,,,,,,,,,,,,13605368201 ,,,,,,,,,,,,,,,,,,,,,,,,,,,,,,,,,,,,,,,,,,,,,,,,,,,
,,,,硕文堂艺术馆,,,,,,,,,,,,,,,,,,,,,,,,,,,,,,,,,,,,18678010016,,,,,,,,,,,,,,,,,,,,,,,,,,,,,,,,,,,,,,,,,,,,,,,,,,,
,,,,山东墨艺斋书画艺术交流中心 ,,,,,,,,,,,,,,,,,,,,,,,,,,,,,,,,,,,,137 9365 2285 ,,,,,,,,,,,,,,,,,,,,,,,,,,,,,,,,,,,,,,,,,,,,,,,,,,,
,,,,逸园画廊,,,,,,,,,,,,,,,,,,,,,,,,,,,,,,,,,,,,13583683281 13606366880,,,,,,,,,,,,,,,,,,,,,,,,,,,,,,,,,,,,,,,,,,,,,,,,,,,
,,,,山东文轩画廊 ,,,,,,,,,,,,,,,,,,,,,,,,,,,,,,,,,,,,15552965755 ,,,,,,,,,,,,,,,,,,,,,,,,,,,,,,,,,,,,,,,,,,,,,,,,,,,
,,,,文满堂画馆,,,,,,,,,,,,,,,,,,,,,,,,,,,,,,,,,,,,18854822888,,,,,,,,,,,,,,,,,,,,,,,,,,,,,,,,,,,,,,,,,,,,,,,,,,,
,,,,大观书画院,,,,,,,,,,,,,,,,,,,,,,,,,,,,,,,,,,,,18663640566 ,,,,,,,,,,,,,,,,,,,,,,,,,,,,,,,,,,,,,,,,,,,,,,,,,,,
,,,,墨益轩画廊 ,,,,,,,,,,,,,,,,,,,,,,,,,,,,,,,,,,,,13625488838 ,,,,,,,,,,,,,,,,,,,,,,,,,,,,,,,,,,,,,,,,,,,,,,,,,,,
,,,,半岛画廊（威海）,,,,,,,,,,,,,,,,,,,,,,,,,,,,,,,,,,,,15562134888 15063142605 ,,,,,,,,,,,,,,,,,,,,,,,,,,,,,,,,,,,,,,,,,,,,,,,,,,,
,,,,明湖画廊,,,,,,,,,,,,,,,,,,,,,,,,,,,,,,,,,,,,18764119005 ,,,,,,,,,,,,,,,,,,,,,,,,,,,,,,,,,,,,,,,,,,,,,,,,,,,
,,,,淄博墨缘轩,,,,,,,,,,,,,,,,,,,,,,,,,,,,,,,,,,,,18605333592 ,,,,,,,,,,,,,,,,,,,,,,,,,,,,,,,,,,,,,,,,,,,,,,,,,,,
,,,,润博轩 ,,,,,,,,,,,,,,,,,,,,,,,,,,,,,,,,,,,,18763631983 ,,,,,,,,,,,,,,,,,,,,,,,,,,,,,,,,,,,,,,,,,,,,,,,,,,,
,,,,汇雅轩 ,,,,,,,,,,,,,,,,,,,,,,,,,,,,,,,,,,,,18906360696 ,,,,,,,,,,,,,,,,,,,,,,,,,,,,,,,,,,,,,,,,,,,,,,,,,,,
,,,,东书房,,,,,,,,,,,,,,,,,,,,,,,,,,,,,,,,,,,,15610610618,,,,,,,,,,,,,,,,,,,,,,,,,,,,,,,,,,,,,,,,,,,,,,,,,,,
,,,,柳浪阁画廊 ,,,,,,,,,,,,,,,,,,,,,,,,,,,,,,,,,,,,13235317760 ,,,,,,,,,,,,,,,,,,,,,,,,,,,,,,,,,,,,,,,,,,,,,,,,,,,
,,,,密州书画院,,,,,,,,,,,,,,,,,,,,,,,,,,,,,,,,,,,,13335253308,,,,,,,,,,,,,,,,,,,,,,,,,,,,,,,,,,,,,,,,,,,,,,,,,,,
,,,,波涛画廊,,,,,,,,,,,,,,,,,,,,,,,,,,,,,,,,,,,,18663639988,,,,,,,,,,,,,,,,,,,,,,,,,,,,,,,,,,,,,,,,,,,,,,,,,,,
,,,,青桐画廊,,,,,,,,,,,,,,,,,,,,,,,,,,,,,,,,,,,,13780886673,,,,,,,,,,,,,,,,,,,,,,,,,,,,,,,,,,,,,,,,,,,,,,,,,,,
,,,,栗子画廊,,,,,,,,,,,,,,,,,,,,,,,,,,,,,,,,,,,,0631-5807631 13371195956,,,,,,,,,,,,,,,,,,,,,,,,,,,,,,,,,,,,,,,,,,,,,,,,,,,
,,,,海代美术馆,,,,,,,,,,,,,,,,,,,,,,,,,,,,,,,,,,,,0535-8221181,,,,,,,,,,,,,,,,,,,,,,,,,,,,,,,,,,,,,,,,,,,,,,,,,,,
,,,,曹氏画廊,,,,,,,,,,,,,,,,,,,,,,,,,,,,,,,,,,,,18766073255,,,,,,,,,,,,,,,,,,,,,,,,,,,,,,,,,,,,,,,,,,,,,,,,,,,
,,,,大丰画苑,,,,,,,,,,,,,,,,,,,,,,,,,,,,,,,,,,,,13466693035,,,,,,,,,,,,,,,,,,,,,,,,,,,,,,,,,,,,,,,,,,,,,,,,,,,
,,,,上青艺术空间,,,,,,,,,,,,,,,,,,,,,,,,,,,,,,,,,,,,13583668893,,,,,,,,,,,,,,,,,,,,,,,,,,,,,,,,,,,,,,,,,,,,,,,,,,,
,,,,半岛画廊（青岛）,,,,,,,,,,,,,,,,,,,,,,,,,,,,,,,,,,,,18669816915  0532--80889978 ,,,,,,,,,,,,,,,,,,,,,,,,,,,,,,,,,,,,,,,,,,,,,,,,,,,
,,,,烟台永宝斋画廊,,,,,,,,,,,,,,,,,,,,,,,,,,,,,,,,,,,,13906383996 13953573737 0535-6630276,,,,,,,,,,,,,,,,,,,,,,,,,,,,,,,,,,,,,,,,,,,,,,,,,,,
,,,,珍墨轩,,,,,,,,,,,,,,,,,,,,,,,,,,,,,,,,,,,,18753615688,,,,,,,,,,,,,,,,,,,,,,,,,,,,,,,,,,,,,,,,,,,,,,,,,,,
,,,,雨蝉堂,,,,,,,,,,,,,,,,,,,,,,,,,,,,,,,,,,,,15854305588,,,,,,,,,,,,,,,,,,,,,,,,,,,,,,,,,,,,,,,,,,,,,,,,,,,
,,,,兴安画廊,,,,,,,,,,,,,,,,,,,,,,,,,,,,,,,,,,,,15965032776,,,,,,,,,,,,,,,,,,,,,,,,,,,,,,,,,,,,,,,,,,,,,,,,,,,
,,,,胶东书画院,,,,,,,,,,,,,,,,,,,,,,,,,,,,,,,,,,,,13256308555,,,,,,,,,,,,,,,,,,,,,,,,,,,,,,,,,,,,,,,,,,,,,,,,,,,
,,,,鲁艺画堂,,,,,,,,,,,,,,,,,,,,,,,,,,,,,,,,,,,,15605437939,,,,,,,,,,,,,,,,,,,,,,,,,,,,,,,,,,,,,,,,,,,,,,,,,,,
,,,,领世美术馆,,,,,,,,,,,,,,,,,,,,,,,,,,,,,,,,,,,,7977277,,,,,,,,,,,,,,,,,,,,,,,,,,,,,,,,,,,,,,,,,,,,,,,,,,,
,,,,景润斋,,,,,,,,,,,,,,,,,,,,,,,,,,,,,,,,,,,,18653160538,,,,,,,,,,,,,,,,,,,,,,,,,,,,,,,,,,,,,,,,,,,,,,,,,,,
,,,,密州画廊,,,,,,,,,,,,,,,,,,,,,,,,,,,,,,,,,,,,13869694110,,,,,,,,,,,,,,,,,,,,,,,,,,,,,,,,,,,,,,,,,,,,,,,,,,,
,,,,君雅轩,,,,,,,,,,,,,,,,,,,,,,,,,,,,,,,,,,,,15800000000,,,,,,,,,,,,,,,,,,,,,,,,,,,,,,,,,,,,,,,,,,,,,,,,,,,
,,,,万宝斋,,,,,,,,,,,,,,,,,,,,,,,,,,,,,,,,,,,,0530-6022220,,,,,,,,,,,,,,,,,,,,,,,,,,,,,,,,,,,,,,,,,,,,,,,,,,,
,,,,品艺坊画廊,,,,,,,,,,,,,,,,,,,,,,,,,,,,,,,,,,,,15610610618,,,,,,,,,,,,,,,,,,,,,,,,,,,,,,,,,,,,,,,,,,,,,,,,,,,
,,,,德州工笔画院,,,,,,,,,,,,,,,,,,,,,,,,,,,,,,,,,,,,0534-2752558,,,,,,,,,,,,,,,,,,,,,,,,,,,,,,,,,,,,,,,,,,,,,,,,,,,
,,,,柏泉画馆,,,,,,,,,,,,,,,,,,,,,,,,,,,,,,,,,,,,15653951868,,,,,,,,,,,,,,,,,,,,,,,,,,,,,,,,,,,,,,,,,,,,,,,,,,,
,,,,波塔画廊,,,,,,,,,,,,,,,,,,,,,,,,,,,,,,,,,,,,13589137689,,,,,,,,,,,,,,,,,,,,,,,,,,,,,,,,,,,,,,,,,,,,,,,,,,,
,,,,华豫斋,,,,,,,,,,,,,,,,,,,,,,,,,,,,,,,,,,,,15903801166,,,,,,,,,,,,,,,,,,,,,,,,,,,,,,,,,,,,,,,,,,,,,,,,,,,
,,,,东方雅集,,,,,,,,,,,,,,,,,,,,,,,,,,,,,,,,,,,,18611901879,,,,,,,,,,,,,,,,,,,,,,,,,,,,,,,,,,,,,,,,,,,,,,,,,,,
,,,,中国龙口当代美术馆,,,,,,,,,,,,,,,,,,,,,,,,,,,,,,,,,,,,0535-3126868,,,,,,,,,,,,,,,,,,,,,,,,,,,,,,,,,,,,,,,,,,,,,,,,,,,
,,,,静院画院,,,,,,,,,,,,,,,,,,,,,,,,,,,,,,,,,,,,15662716613,,,,,,,,,,,,,,,,,,,,,,,,,,,,,,,,,,,,,,,,,,,,,,,,,,,
,,,,五魁墨语书画工作室,,,,,,,,,,,,,,,,,,,,,,,,,,,,,,,,,,,,18365906913,,,,,,,,,,,,,,,,,,,,,,,,,,,,,,,,,,,,,,,,,,,,,,,,,,,
,,,,圣和堂艺术馆,,,,,,,,,,,,,,,,,,,,,,,,,,,,,,,,,,,,0539-8197677,,,,,,,,,,,,,,,,,,,,,,,,,,,,,,,,,,,,,,,,,,,,,,,,,,,
,,,,德樸斋,,,,,,,,,,,,,,,,,,,,,,,,,,,,,,,,,,,,18615186235,,,,,,,,,,,,,,,,,,,,,,,,,,,,,,,,,,,,,,,,,,,,,,,,,,,
,,,,山东滨州大胡子画廊,,,,,,,,,,,,,,,,,,,,,,,,,,,,,,,,,,,,13954300909,,,,,,,,,,,,,,,,,,,,,,,,,,,,,,,,,,,,,,,,,,,,,,,,,,,
,,,,波普艺术画廊,,,,,,,,,,,,,,,,,,,,,,,,,,,,,,,,,,,,13508944267,,,,,,,,,,,,,,,,,,,,,,,,,,,,,,,,,,,,,,,,,,,,,,,,,,,
,,,,中和堂画廊,,,,,,,,,,,,,,,,,,,,,,,,,,,,,,,,,,,,15563090888,,,,,,,,,,,,,,,,,,,,,,,,,,,,,,,,,,,,,,,,,,,,,,,,,,,
,,,,木玮油画工作室,,,,,,,,,,,,,,,,,,,,,,,,,,,,,,,,,,,,15964020919,,,,,,,,,,,,,,,,,,,,,,,,,,,,,,,,,,,,,,,,,,,,,,,,,,,
,,,,青岛中商国际艺术展览中心,,,,,,,,,,,,,,,,,,,,,,,,,,,,,,,,,,,,13954277123,,,,,,,,,,,,,,,,,,,,,,,,,,,,,,,,,,,,,,,,,,,,,,,,,,,
,,,,华丰堂画廊,,,,,,,,,,,,,,,,,,,,,,,,,,,,,,,,,,,,18605348916,,,,,,,,,,,,,,,,,,,,,,,,,,,,,,,,,,,,,,,,,,,,,,,,,,,
,,,,德艺斋艺术画廊,,,,,,,,,,,,,,,,,,,,,,,,,,,,,,,,,,,,18366510888,,,,,,,,,,,,,,,,,,,,,,,,,,,,,,,,,,,,,,,,,,,,,,,,,,,
,,,,静一轩,,,,,,,,,,,,,,,,,,,,,,,,,,,,,,,,,,,,15610250661,,,,,,,,,,,,,,,,,,,,,,,,,,,,,,,,,,,,,,,,,,,,,,,,,,,
,,,,句月轩艺术画廊 ,,,,,,,,,,,,,,,,,,,,,,,,,,,,,,,,,,,,13864671757,,,,,,,,,,,,,,,,,,,,,,,,,,,,,,,,,,,,,,,,,,,,,,,,,,,
,,,,润宝斋,,,,,,,,,,,,,,,,,,,,,,,,,,,,,,,,,,,,13906435159 13583389588,,,,,,,,,,,,,,,,,,,,,,,,,,,,,,,,,,,,,,,,,,,,,,,,,,,
,,,,大石艺术会所,,,,,,,,,,,,,,,,,,,,,,,,,,,,,,,,,,,,13306356021,,,,,,,,,,,,,,,,,,,,,,,,,,,,,,,,,,,,,,,,,,,,,,,,,,,
,,,,竹林斋画廊 ,,,,,,,,,,,,,,,,,,,,,,,,,,,,,,,,,,,,0533-8185869 ,,,,,,,,,,,,,,,,,,,,,,,,,,,,,,,,,,,,,,,,,,,,,,,,,,,
,,,,牡丹苑,,,,,,,,,,,,,,,,,,,,,,,,,,,,,,,,,,,,13905435986,,,,,,,,,,,,,,,,,,,,,,,,,,,,,,,,,,,,,,,,,,,,,,,,,,,
,,,,祥和斋画廊,,,,,,,,,,,,,,,,,,,,,,,,,,,,,,,,,,,,13863618782,,,,,,,,,,,,,,,,,,,,,,,,,,,,,,,,,,,,,,,,,,,,,,,,,,,
,,,,水云天画廊,,,,,,,,,,,,,,,,,,,,,,,,,,,,,,,,,,,,13789896782,,,,,,,,,,,,,,,,,,,,,,,,,,,,,,,,,,,,,,,,,,,,,,,,,,,
,,,,千鸿画廊,,,,,,,,,,,,,,,,,,,,,,,,,,,,,,,,,,,,13573392550,,,,,,,,,,,,,,,,,,,,,,,,,,,,,,,,,,,,,,,,,,,,,,,,,,,
,,,,尚艺001艺术沙龙,,,,,,,,,,,,,,,,,,,,,,,,,,,,,,,,,,,,15306341888,15063401888,,,,,,,,,,,,,,,,,,,,,,,,,,,,,,,,,,,,,,,,,,,,,,,,,,,
,,,,红印画廊,,,,,,,,,,,,,,,,,,,,,,,,,,,,,,,,,,,,18661665191,,,,,,,,,,,,,,,,,,,,,,,,,,,,,,,,,,,,,,,,,,,,,,,,,,,
,,,,淄博古韵堂,,,,,,,,,,,,,,,,,,,,,,,,,,,,,,,,,,,,13355220696,,,,,,,,,,,,,,,,,,,,,,,,,,,,,,,,,,,,,,,,,,,,,,,,,,,
,,,,浓墨色彩画廊,,,,,,,,,,,,,,,,,,,,,,,,,,,,,,,,,,,,13905313557,,,,,,,,,,,,,,,,,,,,,,,,,,,,,,,,,,,,,,,,,,,,,,,,,,,
,,,,墨缘阁画院,,,,,,,,,,,,,,,,,,,,,,,,,,,,,,,,,,,,13287580796,,,,,,,,,,,,,,,,,,,,,,,,,,,,,,,,,,,,,,,,,,,,,,,,,,,
,,,,淄博藏珍阁画廊,,,,,,,,,,,,,,,,,,,,,,,,,,,,,,,,,,,,15069361771,,,,,,,,,,,,,,,,,,,,,,,,,,,,,,,,,,,,,,,,,,,,,,,,,,,
,,,,海派画廊,,,,,,,,,,,,,,,,,,,,,,,,,,,,,,,,,,,,15863307728,,,,,,,,,,,,,,,,,,,,,,,,,,,,,,,,,,,,,,,,,,,,,,,,,,,
,,,,山之美画廊,,,,,,,,,,,,,,,,,,,,,,,,,,,,,,,,,,,,0536-3200371 13583612869,,,,,,,,,,,,,,,,,,,,,,,,,,,,,,,,,,,,,,,,,,,,,,,,,,,
,,,,墨一轩,,,,,,,,,,,,,,,,,,,,,,,,,,,,,,,,,,,,15565149623,,,,,,,,,,,,,,,,,,,,,,,,,,,,,,,,,,,,,,,,,,,,,,,,,,,
,,,,清和美术馆,,,,,,,,,,,,,,,,,,,,,,,,,,,,,,,,,,,,0632-5127802,,,,,,,,,,,,,,,,,,,,,,,,,,,,,,,,,,,,,,,,,,,,,,,,,,,
,,,,香水海艺术交流中心,,,,,,,,,,,,,,,,,,,,,,,,,,,,,,,,,,,,15550650021,,,,,,,,,,,,,,,,,,,,,,,,,,,,,,,,,,,,,,,,,,,,,,,,,,,
,,,,鲁桓斋画廊,,,,,,,,,,,,,,,,,,,,,,,,,,,,,,,,,,,,18678104632,,,,,,,,,,,,,,,,,,,,,,,,,,,,,,,,,,,,,,,,,,,,,,,,,,,
,,,,翰茗苑,,,,,,,,,,,,,,,,,,,,,,,,,,,,,,,,,,,,15615186888 15610746765,,,,,,,,,,,,,,,,,,,,,,,,,,,,,,,,,,,,,,,,,,,,,,,,,,,
,,,,瀚海画廊,,,,,,,,,,,,,,,,,,,,,,,,,,,,,,,,,,,,13153139912,,,,,,,,,,,,,,,,,,,,,,,,,,,,,,,,,,,,,,,,,,,,,,,,,,,
,,,,山东岩晖画廊,,,,,,,,,,,,,,,,,,,,,,,,,,,,,,,,,,,,0536-3949999,13562699799,,,,,,,,,,,,,,,,,,,,,,,,,,,,,,,,,,,,,,,,,,,,,,,,,,,
,,,,静和画馆 ,,,,,,,,,,,,,,,,,,,,,,,,,,,,,,,,,,,,15865290806 ,,,,,,,,,,,,,,,,,,,,,,,,,,,,,,,,,,,,,,,,,,,,,,,,,,,
,,,,万福堂画廊 ,,,,,,,,,,,,,,,,,,,,,,,,,,,,,,,,,,,,13031672688 18678067551 ,,,,,,,,,,,,,,,,,,,,,,,,,,,,,,,,,,,,,,,,,,,,,,,,,,,
,,,,梅花堂书画 ,,,,,,,,,,,,,,,,,,,,,,,,,,,,,,,,,,,,15605439766 ,,,,,,,,,,,,,,,,,,,,,,,,,,,,,,,,,,,,,,,,,,,,,,,,,,,
,,,,山东淄博盛世藏珍画廊 ,,,,,,,,,,,,,,,,,,,,,,,,,,,,,,,,,,,,13853366036 ,,,,,,,,,,,,,,,,,,,,,,,,,,,,,,,,,,,,,,,,,,,,,,,,,,,
,,,,大成斋|大成书画艺术研究中心 ,,,,,,,,,,,,,,,,,,,,,,,,,,,,,,,,,,,,13806472868 ,,,,,,,,,,,,,,,,,,,,,,,,,,,,,,,,,,,,,,,,,,,,,,,,,,,
,,,,山东大厦美术馆西厅 ,,,,,,,,,,,,,,,,,,,,,,,,,,,,,,,,,,,,13011730530 ,,,,,,,,,,,,,,,,,,,,,,,,,,,,,,,,,,,,,,,,,,,,,,,,,,,
,,,,落雪堂 ,,,,,,,,,,,,,,,,,,,,,,,,,,,,,,,,,,,,13905435986 ,,,,,,,,,,,,,,,,,,,,,,,,,,,,,,,,,,,,,,,,,,,,,,,,,,,
,,,,一泓轩,,,,,,,,,,,,,,,,,,,,,,,,,,,,,,,,,,,,13506437071 ,,,,,,,,,,,,,,,,,,,,,,,,,,,,,,,,,,,,,,,,,,,,,,,,,,,
,,,,红都画廊,,,,,,,,,,,,,,,,,,,,,,,,,,,,,,,,,,,,0532-85763352 ,,,,,,,,,,,,,,,,,,,,,,,,,,,,,,,,,,,,,,,,,,,,,,,,,,,
,,,,怡乐斋名家画廊 ,,,,,,,,,,,,,,,,,,,,,,,,,,,,,,,,,,,,05363228185 ,,,,,,,,,,,,,,,,,,,,,,,,,,,,,,,,,,,,,,,,,,,,,,,,,,,
,,,,文心书院,,,,,,,,,,,,,,,,,,,,,,,,,,,,,,,,,,,,13805493587,,,,,,,,,,,,,,,,,,,,,,,,,,,,,,,,,,,,,,,,,,,,,,,,,,,
,,,,无量阁画廊,,,,,,,,,,,,,,,,,,,,,,,,,,,,,,,,,,,,13964176450,,,,,,,,,,,,,,,,,,,,,,,,,,,,,,,,,,,,,,,,,,,,,,,,,,,
,,,,文欣斋画廊,,,,,,,,,,,,,,,,,,,,,,,,,,,,,,,,,,,,0538-7217707  15253806878,,,,,,,,,,,,,,,,,,,,,,,,,,,,,,,,,,,,,,,,,,,,,,,,,,,
,,,,览岳画廊,,,,,,,,,,,,,,,,,,,,,,,,,,,,,,,,,,,,13561696889,,,,,,,,,,,,,,,,,,,,,,,,,,,,,,,,,,,,,,,,,,,,,,,,,,,
,,,,文宝阁,,,,,,,,,,,,,,,,,,,,,,,,,,,,,,,,,,,,13656463789 ,,,,,,,,,,,,,,,,,,,,,,,,,,,,,,,,,,,,,,,,,,,,,,,,,,,
,,,,阿宝画廊,,,,,,,,,,,,,,,,,,,,,,,,,,,,,,,,,,,,13573247550,,,,,,,,,,,,,,,,,,,,,,,,,,,,,,,,,,,,,,,,,,,,,,,,,,,
,,,,观是阁画廊,,,,,,,,,,,,,,,,,,,,,,,,,,,,,,,,,,,,05362113303,,,,,,,,,,,,,,,,,,,,,,,,,,,,,,,,,,,,,,,,,,,,,,,,,,,
,,,,山东列宾画廊,,,,,,,,,,,,,,,,,,,,,,,,,,,,,,,,,,,,13964481341 ,,,,,,,,,,,,,,,,,,,,,,,,,,,,,,,,,,,,,,,,,,,,,,,,,,,
,,,,泰山卷云轩,,,,,,,,,,,,,,,,,,,,,,,,,,,,,,,,,,,,0538-6227111 ,,,,,,,,,,,,,,,,,,,,,,,,,,,,,,,,,,,,,,,,,,,,,,,,,,,
,,,,三生缘画廊 ,,,,,,,,,,,,,,,,,,,,,,,,,,,,,,,,,,,,0532-85797833 ,,,,,,,,,,,,,,,,,,,,,,,,,,,,,,,,,,,,,,,,,,,,,,,,,,,
,,,,痴古斋画廊 ,,,,,,,,,,,,,,,,,,,,,,,,,,,,,,,,,,,,0533-8211199 13605332655 ,,,,,,,,,,,,,,,,,,,,,,,,,,,,,,,,,,,,,,,,,,,,,,,,,,,
,,,,黄河画苑,,,,,,,,,,,,,,,,,,,,,,,,,,,,,,,,,,,,0546-2563988  15205469571,,,,,,,,,,,,,,,,,,,,,,,,,,,,,,,,,,,,,,,,,,,,,,,,,,,
,,,,博雅斋画廊,,,,,,,,,,,,,,,,,,,,,,,,,,,,,,,,,,,,0537-3586178　手机：13905376178,,,,,,,,,,,,,,,,,,,,,,,,,,,,,,,,,,,,,,,,,,,,,,,,,,,
,,,,翰墨丹青文化艺术交流中心,,,,,,,,,,,,,,,,,,,,,,,,,,,,,,,,,,,,15505356303,,,,,,,,,,,,,,,,,,,,,,,,,,,,,,,,,,,,,,,,,,,,,,,,,,,
,,,,济南雅尚艺术中心,,,,,,,,,,,,,,,,,,,,,,,,,,,,,,,,,,,,0531-66598609,,,,,,,,,,,,,,,,,,,,,,,,,,,,,,,,,,,,,,,,,,,,,,,,,,,
,,,,具象1973 ,,,,,,,,,,,,,,,,,,,,,,,,,,,,,,,,,,,,18605353533,,,,,,,,,,,,,,,,,,,,,,,,,,,,,,,,,,,,,,,,,,,,,,,,,,,
,,,,道邦艺术馆 ,,,,,,,,,,,,,,,,,,,,,,,,,,,,,,,,,,,,15301313111 18610712811 ,,,,,,,,,,,,,,,,,,,,,,,,,,,,,,,,,,,,,,,,,,,,,,,,,,,
,,,,崇竹斋画廊 ,,,,,,,,,,,,,,,,,,,,,,,,,,,,,,,,,,,,15969703055 ,,,,,,,,,,,,,,,,,,,,,,,,,,,,,,,,,,,,,,,,,,,,,,,,,,,
,,,,博逸轩画廊 ,,,,,,,,,,,,,,,,,,,,,,,,,,,,,,,,,,,,13697676667 ,,,,,,,,,,,,,,,,,,,,,,,,,,,,,,,,,,,,,,,,,,,,,,,,,,,
,,,,青岛名家美术馆,,,,,,,,,,,,,,,,,,,,,,,,,,,,,,,,,,,,0532-86998578,,,,,,,,,,,,,,,,,,,,,,,,,,,,,,,,,,,,,,,,,,,,,,,,,,,
,,,,雅风堂艺术收藏馆,,,,,,,,,,,,,,,,,,,,,,,,,,,,,,,,,,,,13708927115,,,,,,,,,,,,,,,,,,,,,,,,,,,,,,,,,,,,,,,,,,,,,,,,,,,
,,,,泽山画廊,,,,,,,,,,,,,,,,,,,,,,,,,,,,,,,,,,,,15265265126,,,,,,,,,,,,,,,,,,,,,,,,,,,,,,,,,,,,,,,,,,,,,,,,,,,
,,,,青岛大青早艺术馆,,,,,,,,,,,,,,,,,,,,,,,,,,,,,,,,,,,,13573296092 ,,,,,,,,,,,,,,,,,,,,,,,,,,,,,,,,,,,,,,,,,,,,,,,,,,,
,,,,德嘉画廊,,,,,,,,,,,,,,,,,,,,,,,,,,,,,,,,,,,,0534-2623456,,,,,,,,,,,,,,,,,,,,,,,,,,,,,,,,,,,,,,,,,,,,,,,,,,,
,,,,浩扬书画院,,,,,,,,,,,,,,,,,,,,,,,,,,,,,,,,,,,,13563349528,,,,,,,,,,,,,,,,,,,,,,,,,,,,,,,,,,,,,,,,,,,,,,,,,,,
,,,,云泽轩画廊,,,,,,,,,,,,,,,,,,,,,,,,,,,,,,,,,,,,13791038667,,,,,,,,,,,,,,,,,,,,,,,,,,,,,,,,,,,,,,,,,,,,,,,,,,,
,,,,伟成美术馆永泰画廊,,,,,,,,,,,,,,,,,,,,,,,,,,,,,,,,,,,,0536-3160081 ,,,,,,,,,,,,,,,,,,,,,,,,,,,,,,,,,,,,,,,,,,,,,,,,,,,
,,,,千草百花画廊,,,,,,,,,,,,,,,,,,,,,,,,,,,,,,,,,,,,0531——82050219,,,,,,,,,,,,,,,,,,,,,,,,,,,,,,,,,,,,,,,,,,,,,,,,,,,
,,,,锦书堂画廊,,,,,,,,,,,,,,,,,,,,,,,,,,,,,,,,,,,,18253151359 ,,,,,,,,,,,,,,,,,,,,,,,,,,,,,,,,,,,,,,,,,,,,,,,,,,,
,,,,山东文轩画廊,,,,,,,,,,,,,,,,,,,,,,,,,,,,,,,,,,,,15552965755 ,,,,,,,,,,,,,,,,,,,,,,,,,,,,,,,,,,,,,,,,,,,,,,,,,,,
,,,,齐韵阁画廊,,,,,,,,,,,,,,,,,,,,,,,,,,,,,,,,,,,,13606438761,,,,,,,,,,,,,,,,,,,,,,,,,,,,,,,,,,,,,,,,,,,,,,,,,,,
,,,,天大画廊 ,,,,,,,,,,,,,,,,,,,,,,,,,,,,,,,,,,,,06338772236 ,,,,,,,,,,,,,,,,,,,,,,,,,,,,,,,,,,,,,,,,,,,,,,,,,,,
,,,,齐轩斋画廊,,,,,,,,,,,,,,,,,,,,,,,,,,,,,,,,,,,,15615432011 ,,,,,,,,,,,,,,,,,,,,,,,,,,,,,,,,,,,,,,,,,,,,,,,,,,,
,,,,青岛艺宝斋画廊 ,,,,,,,,,,,,,,,,,,,,,,,,,,,,,,,,,,,,15820025008 ,,,,,,,,,,,,,,,,,,,,,,,,,,,,,,,,,,,,,,,,,,,,,,,,,,,
,,,,中油5号油画馆 ,,,,,,,,,,,,,,,,,,,,,,,,,,,,,,,,,,,,0535-7357596 ,,,,,,,,,,,,,,,,,,,,,,,,,,,,,,,,,,,,,,,,,,,,,,,,,,,
,,,,鸿鼎八大画廊,,,,,,,,,,,,,,,,,,,,,,,,,,,,,,,,,,,, ,,,,,,,,,,,,,,,,,,,,,,,,,,,,,,,,,,,,,,,,,,,,,,,,,,,
,,,,青檀斋画廊,,,,,,,,,,,,,,,,,,,,,,,,,,,,,,,,,,,,18805330533,,,,,,,,,,,,,,,,,,,,,,,,,,,,,,,,,,,,,,,,,,,,,,,,,,,
,,,,博艺画廊,,,,,,,,,,,,,,,,,,,,,,,,,,,,,,,,,,,,13963551166 ,,,,,,,,,,,,,,,,,,,,,,,,,,,,,,,,,,,,,,,,,,,,,,,,,,,
,,,,天一画廊,,,,,,,,,,,,,,,,,,,,,,,,,,,,,,,,,,,,13606338621 ,,,,,,,,,,,,,,,,,,,,,,,,,,,,,,,,,,,,,,,,,,,,,,,,,,,
,,,,大石艺术,,,,,,,,,,,,,,,,,,,,,,,,,,,,,,,,,,,,13306356021,,,,,,,,,,,,,,,,,,,,,,,,,,,,,,,,,,,,,,,,,,,,,,,,,,,
,,,,一团和气,,,,,,,,,,,,,,,,,,,,,,,,,,,,,,,,,,,,13371382825,,,,,,,,,,,,,,,,,,,,,,,,,,,,,,,,,,,,,,,,,,,,,,,,,,,
,,,,荣宝轩字画店,,,,,,,,,,,,,,,,,,,,,,,,,,,,,,,,,,,,0546-7777711,,,,,,,,,,,,,,,,,,,,,,,,,,,,,,,,,,,,,,,,,,,,,,,,,,,
,,,,博雅堂画廊,,,,,,,,,,,,,,,,,,,,,,,,,,,,,,,,,,,,0533-2300979,,,,,,,,,,,,,,,,,,,,,,,,,,,,,,,,,,,,,,,,,,,,,,,,,,,
,,,,齐宝斋,,,,,,,,,,,,,,,,,,,,,,,,,,,,,,,,,,,,0533-2282510  2186885  2186862  2186839,,,,,,,,,,,,,,,,,,,,,,,,,,,,,,,,,,,,,,,,,,,,,,,,,,,
,,,,山东强峰艺苑,,,,,,,,,,,,,,,,,,,,,,,,,,,,,,,,,,,,(0535)6622201,,,,,,,,,,,,,,,,,,,,,,,,,,,,,,,,,,,,,,,,,,,,,,,,,,,
,,,,齐门艺肪,,,,,,,,,,,,,,,,,,,,,,,,,,,,,,,,,,,,0533-2307278      13806480639,,,,,,,,,,,,,,,,,,,,,,,,,,,,,,,,,,,,,,,,,,,,,,,,,,,
,,,,聊斋书画院,,,,,,,,,,,,,,,,,,,,,,,,,,,,,,,,,,,,0533-2312066    13606435031,,,,,,,,,,,,,,,,,,,,,,,,,,,,,,,,,,,,,,,,,,,,,,,,,,,
,,,,邀月轩,,,,,,,,,,,,,,,,,,,,,,,,,,,,,,,,,,,,0533--2307288   13793327018,,,,,,,,,,,,,,,,,,,,,,,,,,,,,,,,,,,,,,,,,,,,,,,,,,,
,,,,聖雅斋,,,,,,,,,,,,,,,,,,,,,,,,,,,,,,,,,,,,0533-2307236,,,,,,,,,,,,,,,,,,,,,,,,,,,,,,,,,,,,,,,,,,,,,,,,,,,
,,,,大家艺苑,,,,,,,,,,,,,,,,,,,,,,,,,,,,,,,,,,,,0533-7761606    13070618625,,,,,,,,,,,,,,,,,,,,,,,,,,,,,,,,,,,,,,,,,,,,,,,,,,,
,,,,山东尚艺术中心,,,,,,,,,,,,,,,,,,,,,,,,,,,,,,,,,,,,(0531)6111112  6111102,,,,,,,,,,,,,,,,,,,,,,,,,,,,,,,,,,,,,,,,,,,,,,,,,,,
,,,,雅古轩,,,,,,,,,,,,,,,,,,,,,,,,,,,,,,,,,,,,05338326505,,,,,,,,,,,,,,,,,,,,,,,,,,,,,,,,,,,,,,,,,,,,,,,,,,,
,,,,师古斋画廊,,,,,,,,,,,,,,,,,,,,,,,,,,,,,,,,,,,,05338361118,,,,,,,,,,,,,,,,,,,,,,,,,,,,,,,,,,,,,,,,,,,,,,,,,,,
,,,,大染堂,,,,,,,,,,,,,,,,,,,,,,,,,,,,,,,,,,,,0532-88676343,,,,,,,,,,,,,,,,,,,,,,,,,,,,,,,,,,,,,,,,,,,,,,,,,,,
,,,,翰墨斋画廊,,,,,,,,,,,,,,,,,,,,,,,,,,,,,,,,,,,,0533-2307286   0533-2307282,,,,,,,,,,,,,,,,,,,,,,,,,,,,,,,,,,,,,,,,,,,,,,,,,,,
,,,,泰山一诺画廊,,,,,,,,,,,,,,,,,,,,,,,,,,,,,,,,,,,,0538-2142804   13561787086,,,,,,,,,,,,,,,,,,,,,,,,,,,,,,,,,,,,,,,,,,,,,,,,,,,
,,,,尚宝斋画廊,,,,,,,,,,,,,,,,,,,,,,,,,,,,,,,,,,,,13695336638,,,,,,,,,,,,,,,,,,,,,,,,,,,,,,,,,,,,,,,,,,,,,,,,,,,
,,,,太白画苑,,,,,,,,,,,,,,,,,,,,,,,,,,,,,,,,,,,,0534-2322399,,,,,,,,,,,,,,,,,,,,,,,,,,,,,,,,,,,,,,,,,,,,,,,,,,,
,,,,逸雯画廊,,,,,,,,,,,,,,,,,,,,,,,,,,,,,,,,,,,,86-531-82912127,,,,,,,,,,,,,,,,,,,,,,,,,,,,,,,,,,,,,,,,,,,,,,,,,,,
,,,,宝文斋,,,,,,,,,,,,,,,,,,,,,,,,,,,,,,,,,,,,0533-8216844、13606438059,,,,,,,,,,,,,,,,,,,,,,,,,,,,,,,,,,,,,,,,,,,,,,,,,,,
,,,,F&M艺术空间,,,,,,,,,,,,,,,,,,,,,,,,,,,,,,,,,,,,0531-82961666,,,,,,,,,,,,,,,,,,,,,,,,,,,,,,,,,,,,,,,,,,,,,,,,,,,
